X,Y,Function,Counts,Total_Time,Time_per_count
9,1000,GRID_C_R,9,4.070000000e-04,4.522222222e-05
9,1000,FILL_FUNC,2,9.120000000e-04,4.560000000e-04
9,1000,RAND,2,1.630000000e-04,8.150000000e-05
9,1000,AXPBY,128,9.800000000e-04,7.656250000e-06
9,1000,DOT_PRODUCT,109,4.640000000e-04,4.256880734e-06
9,1000,APPLY_STENCIL,45,3.800000000e-04,8.444444444e-06
9,1000,GRID,2,1.080000000e-04,5.400000000e-05
9,1000,CG,1,8.080000000e-04,8.080000000e-04
9,1000,GS_PRE_CON,21,5.830000000e-04,2.776190476e-05
9,1000,PCG,1,1.439000000e-03,1.439000000e-03
11,1000,GRID_C_R,9,4.670000000e-04,5.188888889e-05
11,1000,FILL_FUNC,2,5.990000000e-04,2.995000000e-04
11,1000,RAND,2,1.990000000e-04,9.950000000e-05
11,1000,AXPBY,128,1.252000000e-03,9.781250000e-06
11,1000,DOT_PRODUCT,109,9.000000000e-04,8.256880734e-06
11,1000,APPLY_STENCIL,45,4.380000000e-04,9.733333333e-06
11,1000,GRID,2,1.340000000e-04,6.700000000e-05
11,1000,CG,1,1.060000000e-03,1.060000000e-03
11,1000,GS_PRE_CON,21,8.140000000e-04,3.876190476e-05
11,1000,PCG,1,2.020000000e-03,2.020000000e-03
13,1000,GRID_C_R,9,5.280000000e-04,5.866666667e-05
13,1000,FILL_FUNC,2,7.030000000e-04,3.515000000e-04
13,1000,RAND,2,2.360000000e-04,1.180000000e-04
13,1000,AXPBY,128,1.409000000e-03,1.100781250e-05
13,1000,DOT_PRODUCT,109,6.270000000e-04,5.752293578e-06
13,1000,APPLY_STENCIL,45,5.440000000e-04,1.208888889e-05
13,1000,GRID,2,1.480000000e-04,7.400000000e-05
13,1000,CG,1,1.113000000e-03,1.113000000e-03
13,1000,GS_PRE_CON,21,9.110000000e-04,4.338095238e-05
13,1000,PCG,1,2.096000000e-03,2.096000000e-03
16,1000,GRID_C_R,9,7.920000000e-04,8.800000000e-05
16,1000,FILL_FUNC,2,8.610000000e-04,4.305000000e-04
16,1000,RAND,2,2.850000000e-04,1.425000000e-04
16,1000,AXPBY,128,1.732000000e-03,1.353125000e-05
16,1000,DOT_PRODUCT,109,7.850000000e-04,7.201834862e-06
16,1000,APPLY_STENCIL,45,5.700000000e-04,1.266666667e-05
16,1000,GRID,2,1.760000000e-04,8.800000000e-05
16,1000,CG,1,1.363000000e-03,1.363000000e-03
16,1000,GS_PRE_CON,21,1.135000000e-03,5.404761905e-05
16,1000,PCG,1,2.572000000e-03,2.572000000e-03
19,1000,GRID_C_R,9,9.100000000e-04,1.011111111e-04
19,1000,FILL_FUNC,2,1.018000000e-03,5.090000000e-04
19,1000,RAND,2,3.390000000e-04,1.695000000e-04
19,1000,AXPBY,128,2.011000000e-03,1.571093750e-05
19,1000,DOT_PRODUCT,109,9.340000000e-04,8.568807339e-06
19,1000,APPLY_STENCIL,45,6.520000000e-04,1.448888889e-05
19,1000,GRID,2,2.020000000e-04,1.010000000e-04
19,1000,CG,1,1.577000000e-03,1.577000000e-03
19,1000,GS_PRE_CON,21,1.698000000e-03,8.085714286e-05
19,1000,PCG,1,3.339000000e-03,3.339000000e-03
23,1000,GRID_C_R,9,1.110000000e-03,1.233333333e-04
23,1000,FILL_FUNC,2,1.231000000e-03,6.155000000e-04
23,1000,RAND,2,4.320000000e-04,2.160000000e-04
23,1000,AXPBY,128,2.582000000e-03,2.017187500e-05
23,1000,DOT_PRODUCT,109,1.100000000e-03,1.009174312e-05
23,1000,APPLY_STENCIL,45,8.740000000e-04,1.942222222e-05
23,1000,GRID,2,2.550000000e-04,1.275000000e-04
23,1000,CG,1,1.950000000e-03,1.950000000e-03
23,1000,GS_PRE_CON,21,2.036000000e-03,9.695238095e-05
23,1000,PCG,1,4.165000000e-03,4.165000000e-03
28,1000,GRID_C_R,9,1.287000000e-03,1.430000000e-04
28,1000,FILL_FUNC,2,1.495000000e-03,7.475000000e-04
28,1000,RAND,2,5.040000000e-04,2.520000000e-04
28,1000,AXPBY,128,3.027000000e-03,2.364843750e-05
28,1000,DOT_PRODUCT,109,1.366000000e-03,1.253211009e-05
28,1000,APPLY_STENCIL,45,1.055000000e-03,2.344444444e-05
28,1000,GRID,2,2.940000000e-04,1.470000000e-04
28,1000,CG,1,2.370000000e-03,2.370000000e-03
28,1000,GS_PRE_CON,21,2.529000000e-03,1.204285714e-04
28,1000,PCG,1,4.952000000e-03,4.952000000e-03
34,1000,GRID_C_R,9,1.617000000e-03,1.796666667e-04
34,1000,FILL_FUNC,2,1.810000000e-03,9.050000000e-04
34,1000,RAND,2,6.200000000e-04,3.100000000e-04
34,1000,AXPBY,128,4.017000000e-03,3.138281250e-05
34,1000,DOT_PRODUCT,109,1.669000000e-03,1.531192661e-05
34,1000,APPLY_STENCIL,45,1.541000000e-03,3.424444444e-05
34,1000,GRID,2,3.930000000e-04,1.965000000e-04
34,1000,CG,1,3.012000000e-03,3.012000000e-03
34,1000,GS_PRE_CON,21,3.776000000e-03,1.798095238e-04
34,1000,PCG,1,7.110000000e-03,7.110000000e-03
41,1000,GRID_C_R,9,1.864000000e-03,2.071111111e-04
41,1000,FILL_FUNC,2,2.233000000e-03,1.116500000e-03
41,1000,RAND,2,7.520000000e-04,3.760000000e-04
41,1000,AXPBY,128,4.676000000e-03,3.653125000e-05
41,1000,DOT_PRODUCT,109,1.722000000e-03,1.579816514e-05
41,1000,APPLY_STENCIL,45,1.764000000e-03,3.920000000e-05
41,1000,GRID,2,4.310000000e-04,2.155000000e-04
41,1000,CG,1,3.483000000e-03,3.483000000e-03
41,1000,GS_PRE_CON,21,4.588000000e-03,2.184761905e-04
41,1000,PCG,1,8.274000000e-03,8.274000000e-03
49,1000,GRID_C_R,9,2.218000000e-03,2.464444444e-04
49,1000,FILL_FUNC,2,2.642000000e-03,1.321000000e-03
49,1000,RAND,2,8.830000000e-04,4.415000000e-04
49,1000,AXPBY,128,5.879000000e-03,4.592968750e-05
49,1000,DOT_PRODUCT,109,2.043000000e-03,1.874311927e-05
49,1000,APPLY_STENCIL,45,2.412000000e-03,5.360000000e-05
49,1000,GRID,2,5.070000000e-04,2.535000000e-04
49,1000,CG,1,4.449000000e-03,4.449000000e-03
49,1000,GS_PRE_CON,21,5.531000000e-03,2.633809524e-04
49,1000,PCG,1,1.021200000e-02,1.021200000e-02
59,1000,GRID_C_R,9,2.679000000e-03,2.976666667e-04
59,1000,FILL_FUNC,2,3.143000000e-03,1.571500000e-03
59,1000,RAND,2,1.077000000e-03,5.385000000e-04
59,1000,AXPBY,128,9.292000000e-03,7.259375000e-05
59,1000,DOT_PRODUCT,109,2.799000000e-03,2.567889908e-05
59,1000,APPLY_STENCIL,45,3.607000000e-03,8.015555556e-05
59,1000,GRID,2,6.460000000e-04,3.230000000e-04
59,1000,CG,1,6.598000000e-03,6.598000000e-03
59,1000,GS_PRE_CON,21,6.803000000e-03,3.239523810e-04
59,1000,PCG,1,1.415700000e-02,1.415700000e-02
71,1000,GRID_C_R,9,3.166000000e-03,3.517777778e-04
71,1000,FILL_FUNC,2,3.805000000e-03,1.902500000e-03
71,1000,RAND,2,1.306000000e-03,6.530000000e-04
71,1000,AXPBY,128,9.607000000e-03,7.505468750e-05
71,1000,DOT_PRODUCT,109,3.828000000e-03,3.511926606e-05
71,1000,APPLY_STENCIL,45,4.473000000e-03,9.940000000e-05
71,1000,GRID,2,7.540000000e-04,3.770000000e-04
71,1000,CG,1,7.461000000e-03,7.461000000e-03
71,1000,GS_PRE_CON,21,8.331000000e-03,3.967142857e-04
71,1000,PCG,1,1.675300000e-02,1.675300000e-02
85,1000,GRID_C_R,9,3.687000000e-03,4.096666667e-04
85,1000,FILL_FUNC,2,4.540000000e-03,2.270000000e-03
85,1000,RAND,2,1.530000000e-03,7.650000000e-04
85,1000,AXPBY,128,1.213100000e-02,9.477343750e-05
85,1000,DOT_PRODUCT,109,5.090000000e-03,4.669724771e-05
85,1000,APPLY_STENCIL,45,5.859000000e-03,1.302000000e-04
85,1000,GRID,2,8.750000000e-04,4.375000000e-04
85,1000,CG,1,9.639000000e-03,9.639000000e-03
85,1000,GS_PRE_CON,21,1.081400000e-02,5.149523810e-04
85,1000,PCG,1,2.175200000e-02,2.175200000e-02
102,1000,GRID_C_R,9,4.392000000e-03,4.880000000e-04
102,1000,FILL_FUNC,2,5.574000000e-03,2.787000000e-03
102,1000,RAND,2,1.874000000e-03,9.370000000e-04
102,1000,AXPBY,128,1.440500000e-02,1.125390625e-04
102,1000,DOT_PRODUCT,109,7.520000000e-03,6.899082569e-05
102,1000,APPLY_STENCIL,45,7.374000000e-03,1.638666667e-04
102,1000,GRID,2,1.051000000e-03,5.255000000e-04
102,1000,CG,1,1.260600000e-02,1.260600000e-02
102,1000,GS_PRE_CON,21,1.426200000e-02,6.791428571e-04
102,1000,PCG,1,2.782700000e-02,2.782700000e-02
123,1000,GRID_C_R,9,5.287000000e-03,5.874444444e-04
123,1000,FILL_FUNC,2,6.584000000e-03,3.292000000e-03
123,1000,RAND,2,2.198000000e-03,1.099000000e-03
123,1000,AXPBY,128,1.761400000e-02,1.376093750e-04
123,1000,DOT_PRODUCT,109,1.005500000e-02,9.224770642e-05
123,1000,APPLY_STENCIL,45,8.541000000e-03,1.898000000e-04
123,1000,GRID,2,1.254000000e-03,6.270000000e-04
123,1000,CG,1,1.564400000e-02,1.564400000e-02
123,1000,GS_PRE_CON,21,1.853400000e-02,8.825714286e-04
123,1000,PCG,1,3.529900000e-02,3.529900000e-02
147,1000,GRID_C_R,9,6.253000000e-03,6.947777778e-04
147,1000,FILL_FUNC,2,7.822000000e-03,3.911000000e-03
147,1000,RAND,2,2.640000000e-03,1.320000000e-03
147,1000,AXPBY,128,2.122300000e-02,1.658046875e-04
147,1000,DOT_PRODUCT,109,1.212900000e-02,1.112752294e-04
147,1000,APPLY_STENCIL,45,1.054200000e-02,2.342666667e-04
147,1000,GRID,2,1.484000000e-03,7.420000000e-04
147,1000,CG,1,1.946200000e-02,1.946200000e-02
147,1000,GS_PRE_CON,21,2.317500000e-02,1.103571429e-03
147,1000,PCG,1,4.284500000e-02,4.284500000e-02
177,1000,GRID_C_R,9,7.530000000e-03,8.366666667e-04
177,1000,FILL_FUNC,2,9.459000000e-03,4.729500000e-03
177,1000,RAND,2,3.206000000e-03,1.603000000e-03
177,1000,AXPBY,128,2.488500000e-02,1.944140625e-04
177,1000,DOT_PRODUCT,109,1.420800000e-02,1.303486239e-04
177,1000,APPLY_STENCIL,45,1.234300000e-02,2.742888889e-04
177,1000,GRID,2,1.798000000e-03,8.990000000e-04
177,1000,CG,1,2.335200000e-02,2.335200000e-02
177,1000,GS_PRE_CON,21,2.891300000e-02,1.376809524e-03
177,1000,PCG,1,5.131100000e-02,5.131100000e-02
212,1000,GRID_C_R,9,8.940000000e-03,9.933333333e-04
212,1000,FILL_FUNC,2,1.126600000e-02,5.633000000e-03
212,1000,RAND,2,3.811000000e-03,1.905500000e-03
212,1000,AXPBY,128,3.023900000e-02,2.362421875e-04
212,1000,DOT_PRODUCT,109,1.825700000e-02,1.674954128e-04
212,1000,APPLY_STENCIL,45,1.519000000e-02,3.375555556e-04
212,1000,GRID,2,2.144000000e-03,1.072000000e-03
212,1000,CG,1,2.857300000e-02,2.857300000e-02
212,1000,GS_PRE_CON,21,3.567000000e-02,1.698571429e-03
212,1000,PCG,1,6.374700000e-02,6.374700000e-02
255,1000,GRID_C_R,9,1.065000000e-02,1.183333333e-03
255,1000,FILL_FUNC,2,1.356000000e-02,6.780000000e-03
255,1000,RAND,2,4.547000000e-03,2.273500000e-03
255,1000,AXPBY,128,3.580100000e-02,2.796953125e-04
255,1000,DOT_PRODUCT,109,2.170400000e-02,1.991192661e-04
255,1000,APPLY_STENCIL,45,1.622200000e-02,3.604888889e-04
255,1000,GRID,2,2.559000000e-03,1.279500000e-03
255,1000,CG,1,3.234200000e-02,3.234200000e-02
255,1000,GS_PRE_CON,21,4.463900000e-02,2.125666667e-03
255,1000,PCG,1,7.780500000e-02,7.780500000e-02
306,1000,GRID_C_R,9,1.262600000e-02,1.402888889e-03
306,1000,FILL_FUNC,2,1.627900000e-02,8.139500000e-03
306,1000,RAND,2,5.459000000e-03,2.729500000e-03
306,1000,AXPBY,128,4.187800000e-02,3.271718750e-04
306,1000,DOT_PRODUCT,109,2.619700000e-02,2.403394495e-04
306,1000,APPLY_STENCIL,45,2.235200000e-02,4.967111111e-04
306,1000,GRID,2,3.021000000e-03,1.510500000e-03
306,1000,CG,1,3.930700000e-02,3.930700000e-02
306,1000,GS_PRE_CON,21,5.428200000e-02,2.584857143e-03
306,1000,PCG,1,9.504600000e-02,9.504600000e-02
368,1000,GRID_C_R,9,1.357000000e-02,1.507777778e-03
368,1000,FILL_FUNC,2,1.953600000e-02,9.768000000e-03
368,1000,RAND,2,6.572000000e-03,3.286000000e-03
368,1000,AXPBY,128,4.977900000e-02,3.888984375e-04
368,1000,DOT_PRODUCT,109,2.922000000e-02,2.680733945e-04
368,1000,APPLY_STENCIL,45,2.269000000e-02,5.042222222e-04
368,1000,GRID,2,2.989000000e-03,1.494500000e-03
368,1000,CG,1,4.587200000e-02,4.587200000e-02
368,1000,GS_PRE_CON,21,6.614300000e-02,3.149666667e-03
368,1000,PCG,1,1.097640000e-01,1.097640000e-01
441,1000,GRID_C_R,9,1.502900000e-02,1.669888889e-03
441,1000,FILL_FUNC,2,2.342200000e-02,1.171100000e-02
441,1000,RAND,2,7.911000000e-03,3.955500000e-03
441,1000,AXPBY,128,5.908800000e-02,4.616250000e-04
441,1000,DOT_PRODUCT,109,3.352200000e-02,3.075412844e-04
441,1000,APPLY_STENCIL,45,2.296900000e-02,5.104222222e-04
441,1000,GRID,2,3.611000000e-03,1.805500000e-03
441,1000,CG,1,5.150100000e-02,5.150100000e-02
441,1000,GS_PRE_CON,21,8.050400000e-02,3.833523810e-03
441,1000,PCG,1,1.305360000e-01,1.305360000e-01
529,1000,GRID_C_R,9,1.509300000e-02,1.677000000e-03
529,1000,FILL_FUNC,2,2.797500000e-02,1.398750000e-02
529,1000,RAND,2,9.457000000e-03,4.728500000e-03
529,1000,AXPBY,128,7.151600000e-02,5.587187500e-04
529,1000,DOT_PRODUCT,109,4.067700000e-02,3.731834862e-04
529,1000,APPLY_STENCIL,45,2.696900000e-02,5.993111111e-04
529,1000,GRID,2,3.853000000e-03,1.926500000e-03
529,1000,CG,1,6.123900000e-02,6.123900000e-02
529,1000,GS_PRE_CON,21,9.788700000e-02,4.661285714e-03
529,1000,PCG,1,1.585020000e-01,1.585020000e-01
635,1000,GRID_C_R,9,1.588100000e-02,1.764555556e-03
635,1000,FILL_FUNC,2,3.369000000e-02,1.684500000e-02
635,1000,RAND,2,1.135300000e-02,5.676500000e-03
635,1000,AXPBY,128,8.785900000e-02,6.863984375e-04
635,1000,DOT_PRODUCT,109,4.829200000e-02,4.430458716e-04
635,1000,APPLY_STENCIL,45,3.318700000e-02,7.374888889e-04
635,1000,GRID,2,4.120000000e-03,2.060000000e-03
635,1000,CG,1,7.362600000e-02,7.362600000e-02
635,1000,GS_PRE_CON,21,1.187070000e-01,5.652714286e-03
635,1000,PCG,1,1.930890000e-01,1.930890000e-01
763,1000,GRID_C_R,9,1.813500000e-02,2.015000000e-03
763,1000,FILL_FUNC,2,4.035500000e-02,2.017750000e-02
763,1000,RAND,2,1.363800000e-02,6.819000000e-03
763,1000,AXPBY,128,1.064230000e-01,8.314296875e-04
763,1000,DOT_PRODUCT,109,5.824000000e-02,5.343119266e-04
763,1000,APPLY_STENCIL,45,4.062100000e-02,9.026888889e-04
763,1000,GRID,2,4.657000000e-03,2.328500000e-03
763,1000,CG,1,8.917300000e-02,8.917300000e-02
763,1000,GS_PRE_CON,21,1.436700000e-01,6.841428571e-03
763,1000,PCG,1,2.342080000e-01,2.342080000e-01
915,1000,GRID_C_R,9,2.090900000e-02,2.323222222e-03
915,1000,FILL_FUNC,2,4.848000000e-02,2.424000000e-02
915,1000,RAND,2,1.636800000e-02,8.184000000e-03
915,1000,AXPBY,128,1.313540000e-01,1.026203125e-03
915,1000,DOT_PRODUCT,109,7.050800000e-02,6.468623853e-04
915,1000,APPLY_STENCIL,45,4.728800000e-02,1.050844444e-03
915,1000,GRID,2,5.958000000e-03,2.979000000e-03
915,1000,CG,1,1.100950000e-01,1.100950000e-01
915,1000,GS_PRE_CON,21,1.735500000e-01,8.264285714e-03
915,1000,PCG,1,2.803670000e-01,2.803670000e-01
1098,1000,GRID_C_R,9,2.435900000e-02,2.706555556e-03
1098,1000,FILL_FUNC,2,5.797900000e-02,2.898950000e-02
1098,1000,RAND,2,1.969300000e-02,9.846500000e-03
1098,1000,AXPBY,128,1.654600000e-01,1.292656250e-03
1098,1000,DOT_PRODUCT,109,9.125800000e-02,8.372293578e-04
1098,1000,APPLY_STENCIL,45,5.880400000e-02,1.306755556e-03
1098,1000,GRID,2,5.966000000e-03,2.983000000e-03
1098,1000,CG,1,1.394220000e-01,1.394220000e-01
1098,1000,GS_PRE_CON,21,2.093260000e-01,9.967904762e-03
1098,1000,PCG,1,3.466860000e-01,3.466860000e-01
1318,1000,GRID_C_R,9,2.697000000e-02,2.996666667e-03
1318,1000,FILL_FUNC,2,6.979400000e-02,3.489700000e-02
1318,1000,RAND,2,2.364100000e-02,1.182050000e-02
1318,1000,AXPBY,128,2.197990000e-01,1.717179687e-03
1318,1000,DOT_PRODUCT,109,1.250280000e-01,1.147045872e-03
1318,1000,APPLY_STENCIL,45,7.641900000e-02,1.698200000e-03
1318,1000,GRID,2,7.552000000e-03,3.776000000e-03
1318,1000,CG,1,1.705910000e-01,1.705910000e-01
1318,1000,GS_PRE_CON,21,2.527300000e-01,1.203476190e-02
1318,1000,PCG,1,4.551780000e-01,4.551780000e-01
1582,1000,GRID_C_R,9,3.180800000e-02,3.534222222e-03
1582,1000,FILL_FUNC,2,8.343900000e-02,4.171950000e-02
1582,1000,RAND,2,2.841600000e-02,1.420800000e-02
1582,1000,AXPBY,128,2.674510000e-01,2.089460938e-03
1582,1000,DOT_PRODUCT,109,1.569790000e-01,1.440174312e-03
1582,1000,APPLY_STENCIL,45,1.014930000e-01,2.255400000e-03
1582,1000,GRID,2,8.505000000e-03,4.252500000e-03
1582,1000,CG,1,2.121180000e-01,2.121180000e-01
1582,1000,GS_PRE_CON,21,3.046230000e-01,1.450585714e-02
1582,1000,PCG,1,5.600360000e-01,5.600360000e-01
1899,1000,GRID_C_R,9,3.665700000e-02,4.073000000e-03
1899,1000,FILL_FUNC,2,1.003760000e-01,5.018800000e-02
1899,1000,RAND,2,3.414000000e-02,1.707000000e-02
1899,1000,AXPBY,128,3.073680000e-01,2.401312500e-03
1899,1000,DOT_PRODUCT,109,1.816350000e-01,1.666376147e-03
1899,1000,APPLY_STENCIL,45,1.005230000e-01,2.233844444e-03
1899,1000,GRID,2,9.505000000e-03,4.752500000e-03
1899,1000,CG,1,2.454590000e-01,2.454590000e-01
1899,1000,GS_PRE_CON,21,3.666020000e-01,1.745723810e-02
1899,1000,PCG,1,6.426020000e-01,6.426020000e-01
2278,1000,GRID_C_R,9,4.284800000e-02,4.760888889e-03
2278,1000,FILL_FUNC,2,1.204310000e-01,6.021550000e-02
2278,1000,RAND,2,4.069900000e-02,2.034950000e-02
2278,1000,AXPBY,128,3.554490000e-01,2.776945312e-03
2278,1000,DOT_PRODUCT,109,2.115480000e-01,1.940807339e-03
2278,1000,APPLY_STENCIL,45,1.323570000e-01,2.941266667e-03
2278,1000,GRID,2,1.121900000e-02,5.609500000e-03
2278,1000,CG,1,2.931410000e-01,2.931410000e-01
2278,1000,GS_PRE_CON,21,4.408570000e-01,2.099319048e-02
2278,1000,PCG,1,7.626870000e-01,7.626870000e-01
2734,1000,GRID_C_R,9,5.012700000e-02,5.569666667e-03
2734,1000,FILL_FUNC,2,1.454570000e-01,7.272850000e-02
2734,1000,RAND,2,4.913400000e-02,2.456700000e-02
2734,1000,AXPBY,128,4.789660000e-01,3.741921875e-03
2734,1000,DOT_PRODUCT,109,3.032050000e-01,2.781697248e-03
2734,1000,APPLY_STENCIL,45,1.575520000e-01,3.501155556e-03
2734,1000,GRID,2,1.374500000e-02,6.872500000e-03
2734,1000,CG,1,3.691000000e-01,3.691000000e-01
2734,1000,GS_PRE_CON,21,5.308090000e-01,2.527661905e-02
2734,1000,PCG,1,9.989630000e-01,9.989630000e-01
3281,1000,GRID_C_R,9,5.812600000e-02,6.458444444e-03
3281,1000,FILL_FUNC,2,1.731820000e-01,8.659100000e-02
3281,1000,RAND,2,5.872800000e-02,2.936400000e-02
3281,1000,AXPBY,128,5.582130000e-01,4.361039063e-03
3281,1000,DOT_PRODUCT,109,3.624460000e-01,3.325192661e-03
3281,1000,APPLY_STENCIL,45,1.822020000e-01,4.048933333e-03
3281,1000,GRID,2,1.552700000e-02,7.763500000e-03
3281,1000,CG,1,4.358470000e-01,4.358470000e-01
3281,1000,GS_PRE_CON,21,6.385040000e-01,3.040495238e-02
3281,1000,PCG,1,1.182410000e+00,1.182410000e+00
3937,1000,GRID_C_R,9,6.754700000e-02,7.505222222e-03
3937,1000,FILL_FUNC,2,2.076720000e-01,1.038360000e-01
3937,1000,RAND,2,7.063100000e-02,3.531550000e-02
3937,1000,AXPBY,128,6.923530000e-01,5.409007812e-03
3937,1000,DOT_PRODUCT,109,4.685380000e-01,4.298513761e-03
3937,1000,APPLY_STENCIL,45,2.197270000e-01,4.882822222e-03
3937,1000,GRID,2,2.551800000e-02,1.275900000e-02
3937,1000,CG,1,5.177850000e-01,5.177850000e-01
3937,1000,GS_PRE_CON,21,7.678680000e-01,3.656514286e-02
3937,1000,PCG,1,1.480735000e+00,1.480735000e+00
4725,1000,GRID_C_R,9,8.218900000e-02,9.132111111e-03
4725,1000,FILL_FUNC,2,2.488400000e-01,1.244200000e-01
4725,1000,RAND,2,8.464100000e-02,4.232050000e-02
4725,1000,AXPBY,128,8.780550000e-01,6.859804688e-03
4725,1000,DOT_PRODUCT,109,6.148800000e-01,5.641100917e-03
4725,1000,APPLY_STENCIL,45,2.848940000e-01,6.330977778e-03
4725,1000,GRID,2,3.343600000e-02,1.671800000e-02
4725,1000,CG,1,6.475740000e-01,6.475740000e-01
4725,1000,GS_PRE_CON,21,9.231380000e-01,4.395895238e-02
4725,1000,PCG,1,1.867091000e+00,1.867091000e+00
5670,1000,GRID_C_R,9,1.213760000e-01,1.348622222e-02
5670,1000,FILL_FUNC,2,3.774010000e-01,1.887005000e-01
5670,1000,RAND,2,1.018350000e-01,5.091750000e-02
5670,1000,AXPBY,128,1.121666000e+00,8.763015625e-03
5670,1000,DOT_PRODUCT,109,8.164340000e-01,7.490220183e-03
5670,1000,APPLY_STENCIL,45,3.727410000e-01,8.283133333e-03
5670,1000,GRID,2,4.143700000e-02,2.071850000e-02
5670,1000,CG,1,8.934400000e-01,8.934400000e-01
5670,1000,GS_PRE_CON,21,1.108224000e+00,5.277257143e-02
5670,1000,PCG,1,2.289824000e+00,2.289824000e+00
6804,1000,GRID_C_R,9,1.253280000e-01,1.392533333e-02
6804,1000,FILL_FUNC,2,3.583000000e-01,1.791500000e-01
6804,1000,RAND,2,1.219230000e-01,6.096150000e-02
6804,1000,AXPBY,128,1.319333000e+00,1.030728906e-02
6804,1000,DOT_PRODUCT,109,9.773520000e-01,8.966532110e-03
6804,1000,APPLY_STENCIL,45,4.154490000e-01,9.232200000e-03
6804,1000,GRID,2,4.831900000e-02,2.415950000e-02
6804,1000,CG,1,1.049757000e+00,1.049757000e+00
6804,1000,GS_PRE_CON,21,1.333312000e+00,6.349104762e-02
6804,1000,PCG,1,2.715645000e+00,2.715645000e+00
8165,1000,GRID_C_R,9,1.430150000e-01,1.589055556e-02
8165,1000,FILL_FUNC,2,4.299490000e-01,2.149745000e-01
8165,1000,RAND,2,1.461230000e-01,7.306150000e-02
8165,1000,AXPBY,128,1.434542000e+00,1.120735937e-02
8165,1000,DOT_PRODUCT,109,1.049442000e+00,9.627908257e-03
8165,1000,APPLY_STENCIL,45,6.011590000e-01,1.335908889e-02
8165,1000,GRID,2,5.471700000e-02,2.735850000e-02
8165,1000,CG,1,1.159298000e+00,1.159298000e+00
8165,1000,GS_PRE_CON,21,1.600234000e+00,7.620161905e-02
8165,1000,PCG,1,3.196895000e+00,3.196895000e+00
9798,1000,GRID_C_R,9,1.786430000e-01,1.984922222e-02
9798,1000,FILL_FUNC,2,5.154590000e-01,2.577295000e-01
9798,1000,RAND,2,1.752770000e-01,8.763850000e-02
9798,1000,AXPBY,128,1.874588000e+00,1.464521875e-02
9798,1000,DOT_PRODUCT,109,1.377243000e+00,1.263525688e-02
9798,1000,APPLY_STENCIL,45,6.214360000e-01,1.380968889e-02
9798,1000,GRID,2,6.794800000e-02,3.397400000e-02
9798,1000,CG,1,1.531569000e+00,1.531569000e+00
9798,1000,GS_PRE_CON,21,1.922119000e+00,9.152947619e-02
9798,1000,PCG,1,3.860430000e+00,3.860430000e+00
11758,1000,GRID_C_R,9,2.110960000e-01,2.345511111e-02
11758,1000,FILL_FUNC,2,6.182240000e-01,3.091120000e-01
11758,1000,RAND,2,2.108600000e-01,1.054300000e-01
11758,1000,AXPBY,128,2.070336000e+00,1.617450000e-02
11758,1000,DOT_PRODUCT,109,1.534172000e+00,1.407497248e-02
11758,1000,APPLY_STENCIL,45,7.082500000e-01,1.573888889e-02
11758,1000,GRID,2,7.422200000e-02,3.711100000e-02
11758,1000,CG,1,1.637226000e+00,1.637226000e+00
11758,1000,GS_PRE_CON,21,2.305589000e+00,1.097899524e-01
11758,1000,PCG,1,4.516410000e+00,4.516410000e+00
14109,1000,GRID_C_R,9,2.546240000e-01,2.829155556e-02
14109,1000,FILL_FUNC,2,7.430750000e-01,3.715375000e-01
14109,1000,RAND,2,2.526160000e-01,1.263080000e-01
14109,1000,AXPBY,128,2.550519000e+00,1.992592969e-02
14109,1000,DOT_PRODUCT,109,1.886233000e+00,1.730488991e-02
14109,1000,APPLY_STENCIL,45,9.232450000e-01,2.051655556e-02
14109,1000,GRID,2,9.709800000e-02,4.854900000e-02
14109,1000,CG,1,2.151024000e+00,2.151024000e+00
14109,1000,GS_PRE_CON,21,2.770007000e+00,1.319050952e-01
14109,1000,PCG,1,5.412566000e+00,5.412566000e+00
16931,1000,GRID_C_R,9,2.989160000e-01,3.321288889e-02
16931,1000,FILL_FUNC,2,8.900820000e-01,4.450410000e-01
16931,1000,RAND,2,3.030470000e-01,1.515235000e-01
16931,1000,AXPBY,128,2.914629000e+00,2.277053906e-02
16931,1000,DOT_PRODUCT,109,2.130589000e+00,1.954668807e-02
16931,1000,APPLY_STENCIL,45,1.058295000e+00,2.351766667e-02
16931,1000,GRID,2,1.035540000e-01,5.177700000e-02
16931,1000,CG,1,2.361013000e+00,2.361013000e+00
16931,1000,GS_PRE_CON,21,3.321826000e+00,1.581821905e-01
16931,1000,PCG,1,6.412878000e+00,6.412878000e+00
20318,1000,GRID_C_R,9,3.678370000e-01,4.087077778e-02
20318,1000,FILL_FUNC,2,1.068077000e+00,5.340385000e-01
20318,1000,RAND,2,3.640440000e-01,1.820220000e-01
20318,1000,AXPBY,128,3.770330000e+00,2.945570312e-02
20318,1000,DOT_PRODUCT,109,2.747428000e+00,2.520576147e-02
20318,1000,APPLY_STENCIL,45,1.330706000e+00,2.957124444e-02
20318,1000,GRID,2,1.430850000e-01,7.154250000e-02
20318,1000,CG,1,3.221549000e+00,3.221549000e+00
20318,1000,GS_PRE_CON,21,3.991958000e+00,1.900932381e-01
20318,1000,PCG,1,7.804646000e+00,7.804646000e+00
24381,1000,GRID_C_R,9,4.283770000e-01,4.759744444e-02
24381,1000,FILL_FUNC,2,1.281002000e+00,6.405010000e-01
24381,1000,RAND,2,4.370000000e-01,2.185000000e-01
24381,1000,AXPBY,128,4.100037000e+00,3.203153906e-02
24381,1000,DOT_PRODUCT,109,2.975599000e+00,2.729907339e-02
24381,1000,APPLY_STENCIL,45,1.432393000e+00,3.183095556e-02
24381,1000,GRID,2,1.504060000e-01,7.520300000e-02
24381,1000,CG,1,3.418114000e+00,3.418114000e+00
24381,1000,GS_PRE_CON,21,4.788190000e+00,2.280090476e-01
24381,1000,PCG,1,8.967834000e+00,8.967834000e+00
29258,1000,GRID_C_R,9,5.104800000e-01,5.672000000e-02
29258,1000,FILL_FUNC,2,1.537528000e+00,7.687640000e-01
29258,1000,RAND,2,5.243230000e-01,2.621615000e-01
29258,1000,AXPBY,128,5.384229000e+00,4.206428906e-02
29258,1000,DOT_PRODUCT,109,3.811915000e+00,3.497169725e-02
29258,1000,APPLY_STENCIL,45,1.725059000e+00,3.833464444e-02
29258,1000,GRID,2,1.683630000e-01,8.418150000e-02
29258,1000,CG,1,4.568946000e+00,4.568946000e+00
29258,1000,GS_PRE_CON,21,5.753363000e+00,2.739696667e-01
29258,1000,PCG,1,1.096938900e+01,1.096938900e+01
35109,1000,GRID_C_R,9,6.239540000e-01,6.932822222e-02
35109,1000,FILL_FUNC,2,1.846789000e+00,9.233945000e-01
35109,1000,RAND,2,6.290250000e-01,3.145125000e-01
35109,1000,AXPBY,128,5.901415000e+00,4.610480469e-02
35109,1000,DOT_PRODUCT,109,4.146088000e+00,3.803750459e-02
35109,1000,APPLY_STENCIL,45,1.833907000e+00,4.075348889e-02
35109,1000,GRID,2,2.187720000e-01,1.093860000e-01
35109,1000,CG,1,4.804529000e+00,4.804529000e+00
35109,1000,GS_PRE_CON,21,6.899942000e+00,3.285686667e-01
35109,1000,PCG,1,1.270498100e+01,1.270498100e+01
1000,9,GRID_C_R,9,4.000000000e-04,4.444444444e-05
1000,9,FILL_FUNC,2,4.940000000e-04,2.470000000e-04
1000,9,RAND,2,1.610000000e-04,8.050000000e-05
1000,9,AXPBY,128,8.960000000e-04,7.000000000e-06
1000,9,DOT_PRODUCT,109,4.310000000e-04,3.954128440e-06
1000,9,APPLY_STENCIL,45,3.240000000e-04,7.200000000e-06
1000,9,GRID,2,1.150000000e-04,5.750000000e-05
1000,9,CG,1,7.290000000e-04,7.290000000e-04
1000,9,GS_PRE_CON,21,1.715000000e-03,8.166666667e-05
1000,9,PCG,1,2.442000000e-03,2.442000000e-03
1000,11,GRID_C_R,9,4.700000000e-04,5.222222222e-05
1000,11,FILL_FUNC,2,5.960000000e-04,2.980000000e-04
1000,11,RAND,2,1.990000000e-04,9.950000000e-05
1000,11,AXPBY,128,1.144000000e-03,8.937500000e-06
1000,11,DOT_PRODUCT,109,5.350000000e-04,4.908256881e-06
1000,11,APPLY_STENCIL,45,3.960000000e-04,8.800000000e-06
1000,11,GRID,2,1.370000000e-04,6.850000000e-05
1000,11,CG,1,8.810000000e-04,8.810000000e-04
1000,11,GS_PRE_CON,21,2.097000000e-03,9.985714286e-05
1000,11,PCG,1,2.982000000e-03,2.982000000e-03
1000,13,GRID_C_R,9,5.210000000e-04,5.788888889e-05
1000,13,FILL_FUNC,2,7.410000000e-04,3.705000000e-04
1000,13,RAND,2,2.370000000e-04,1.185000000e-04
1000,13,AXPBY,128,1.301000000e-03,1.016406250e-05
1000,13,DOT_PRODUCT,109,6.170000000e-04,5.660550459e-06
1000,13,APPLY_STENCIL,45,4.450000000e-04,9.888888889e-06
1000,13,GRID,2,1.520000000e-04,7.600000000e-05
1000,13,CG,1,1.028000000e-03,1.028000000e-03
1000,13,GS_PRE_CON,21,2.481000000e-03,1.181428571e-04
1000,13,PCG,1,3.512000000e-03,3.512000000e-03
1000,16,GRID_C_R,9,8.000000000e-04,8.888888889e-05
1000,16,FILL_FUNC,2,8.500000000e-04,4.250000000e-04
1000,16,RAND,2,2.850000000e-04,1.425000000e-04
1000,16,AXPBY,128,1.629000000e-03,1.272656250e-05
1000,16,DOT_PRODUCT,109,7.670000000e-04,7.036697248e-06
1000,16,APPLY_STENCIL,45,5.540000000e-04,1.231111111e-05
1000,16,GRID,2,1.710000000e-04,8.550000000e-05
1000,16,CG,1,1.297000000e-03,1.297000000e-03
1000,16,GS_PRE_CON,21,1.126900000e-02,5.366190476e-04
1000,16,PCG,1,1.255500000e-02,1.255500000e-02
1000,19,GRID_C_R,9,9.270000000e-04,1.030000000e-04
1000,19,FILL_FUNC,2,1.019000000e-03,5.095000000e-04
1000,19,RAND,2,3.370000000e-04,1.685000000e-04
1000,19,AXPBY,128,1.962000000e-03,1.532812500e-05
1000,19,DOT_PRODUCT,109,9.070000000e-04,8.321100917e-06
1000,19,APPLY_STENCIL,45,6.930000000e-04,1.540000000e-05
1000,19,GRID,2,2.060000000e-04,1.030000000e-04
1000,19,CG,1,1.575000000e-03,1.575000000e-03
1000,19,GS_PRE_CON,21,3.638000000e-03,1.732380952e-04
1000,19,PCG,1,5.166000000e-03,5.166000000e-03
1000,23,GRID_C_R,9,1.086000000e-03,1.206666667e-04
1000,23,FILL_FUNC,2,1.222000000e-03,6.110000000e-04
1000,23,RAND,2,4.190000000e-04,2.095000000e-04
1000,23,AXPBY,128,2.523000000e-03,1.971093750e-05
1000,23,DOT_PRODUCT,109,1.089000000e-03,9.990825688e-06
1000,23,APPLY_STENCIL,45,8.120000000e-04,1.804444444e-05
1000,23,GRID,2,2.600000000e-04,1.300000000e-04
1000,23,CG,1,1.892000000e-03,1.892000000e-03
1000,23,GS_PRE_CON,21,4.389000000e-03,2.090000000e-04
1000,23,PCG,1,6.362000000e-03,6.362000000e-03
1000,28,GRID_C_R,9,1.287000000e-03,1.430000000e-04
1000,28,FILL_FUNC,2,1.492000000e-03,7.460000000e-04
1000,28,RAND,2,5.100000000e-04,2.550000000e-04
1000,28,AXPBY,128,2.945000000e-03,2.300781250e-05
1000,28,DOT_PRODUCT,109,1.333000000e-03,1.222935780e-05
1000,28,APPLY_STENCIL,45,1.040000000e-03,2.311111111e-05
1000,28,GRID,2,2.910000000e-04,1.455000000e-04
1000,28,CG,1,2.306000000e-03,2.306000000e-03
1000,28,GS_PRE_CON,21,5.338000000e-03,2.541904762e-04
1000,28,PCG,1,7.605000000e-03,7.605000000e-03
1000,34,GRID_C_R,9,1.519000000e-03,1.687777778e-04
1000,34,FILL_FUNC,2,1.810000000e-03,9.050000000e-04
1000,34,RAND,2,6.150000000e-04,3.075000000e-04
1000,34,AXPBY,128,3.669000000e-03,2.866406250e-05
1000,34,DOT_PRODUCT,109,1.660000000e-03,1.522935780e-05
1000,34,APPLY_STENCIL,45,1.304000000e-03,2.897777778e-05
1000,34,GRID,2,3.490000000e-04,1.745000000e-04
1000,34,CG,1,2.867000000e-03,2.867000000e-03
1000,34,GS_PRE_CON,21,6.470000000e-03,3.080952381e-04
1000,34,PCG,1,9.305000000e-03,9.305000000e-03
1000,41,GRID_C_R,9,1.905000000e-03,2.116666667e-04
1000,41,FILL_FUNC,2,2.181000000e-03,1.090500000e-03
1000,41,RAND,2,7.280000000e-04,3.640000000e-04
1000,41,AXPBY,128,4.585000000e-03,3.582031250e-05
1000,41,DOT_PRODUCT,109,2.011000000e-03,1.844954128e-05
1000,41,APPLY_STENCIL,45,1.656000000e-03,3.680000000e-05
1000,41,GRID,2,4.250000000e-04,2.125000000e-04
1000,41,CG,1,3.570000000e-03,3.570000000e-03
1000,41,GS_PRE_CON,21,7.835000000e-03,3.730952381e-04
1000,41,PCG,1,1.138900000e-02,1.138900000e-02
1000,49,GRID_C_R,9,2.076000000e-03,2.306666667e-04
1000,49,FILL_FUNC,2,2.594000000e-03,1.297000000e-03
1000,49,RAND,2,8.960000000e-04,4.480000000e-04
1000,49,AXPBY,128,5.498000000e-03,4.295312500e-05
1000,49,DOT_PRODUCT,109,2.418000000e-03,2.218348624e-05
1000,49,APPLY_STENCIL,45,1.966000000e-03,4.368888889e-05
1000,49,GRID,2,5.020000000e-04,2.510000000e-04
1000,49,CG,1,4.252000000e-03,4.252000000e-03
1000,49,GS_PRE_CON,21,9.342000000e-03,4.448571429e-04
1000,49,PCG,1,1.365200000e-02,1.365200000e-02
1000,59,GRID_C_R,9,2.626000000e-03,2.917777778e-04
1000,59,FILL_FUNC,2,3.151000000e-03,1.575500000e-03
1000,59,RAND,2,1.055000000e-03,5.275000000e-04
1000,59,AXPBY,128,7.300000000e-03,5.703125000e-05
1000,59,DOT_PRODUCT,109,3.440000000e-03,3.155963303e-05
1000,59,APPLY_STENCIL,45,2.860000000e-03,6.355555556e-05
1000,59,GRID,2,6.160000000e-04,3.080000000e-04
1000,59,CG,1,5.509000000e-03,5.509000000e-03
1000,59,GS_PRE_CON,21,1.126000000e-02,5.361904762e-04
1000,59,PCG,1,1.765300000e-02,1.765300000e-02
1000,71,GRID_C_R,9,3.173000000e-03,3.525555556e-04
1000,71,FILL_FUNC,2,3.779000000e-03,1.889500000e-03
1000,71,RAND,2,1.289000000e-03,6.445000000e-04
1000,71,AXPBY,128,9.140000000e-03,7.140625000e-05
1000,71,DOT_PRODUCT,109,4.057000000e-03,3.722018349e-05
1000,71,APPLY_STENCIL,45,3.521000000e-03,7.824444444e-05
1000,71,GRID,2,7.570000000e-04,3.785000000e-04
1000,71,CG,1,6.980000000e-03,6.980000000e-03
1000,71,GS_PRE_CON,21,1.355800000e-02,6.456190476e-04
1000,71,PCG,1,2.119600000e-02,2.119600000e-02
1000,85,GRID_C_R,9,3.742000000e-03,4.157777778e-04
1000,85,FILL_FUNC,2,4.541000000e-03,2.270500000e-03
1000,85,RAND,2,1.522000000e-03,7.610000000e-04
1000,85,AXPBY,128,1.139000000e-02,8.898437500e-05
1000,85,DOT_PRODUCT,109,5.468000000e-03,5.016513761e-05
1000,85,APPLY_STENCIL,45,4.204000000e-03,9.342222222e-05
1000,85,GRID,2,8.730000000e-04,4.365000000e-04
1000,85,CG,1,8.994000000e-03,8.994000000e-03
1000,85,GS_PRE_CON,21,1.619700000e-02,7.712857143e-04
1000,85,PCG,1,2.565200000e-02,2.565200000e-02
1000,102,GRID_C_R,9,4.243000000e-03,4.714444444e-04
1000,102,FILL_FUNC,2,5.447000000e-03,2.723500000e-03
1000,102,RAND,2,1.010900000e-02,5.054500000e-03
1000,102,AXPBY,128,3.618800000e-02,2.827187500e-04
1000,102,DOT_PRODUCT,109,1.754500000e-02,1.609633028e-04
1000,102,APPLY_STENCIL,45,1.540300000e-02,3.422888889e-04
1000,102,GRID,2,1.070000000e-03,5.350000000e-04
1000,102,CG,1,3.220100000e-02,3.220100000e-02
1000,102,GS_PRE_CON,21,3.646100000e-02,1.736238095e-03
1000,102,PCG,1,6.975300000e-02,6.975300000e-02
1000,123,GRID_C_R,9,5.255000000e-03,5.838888889e-04
1000,123,FILL_FUNC,2,6.599000000e-03,3.299500000e-03
1000,123,RAND,2,2.213000000e-03,1.106500000e-03
1000,123,AXPBY,128,1.723400000e-02,1.346406250e-04
1000,123,DOT_PRODUCT,109,9.951000000e-03,9.129357798e-05
1000,123,APPLY_STENCIL,45,6.642000000e-03,1.476000000e-04
1000,123,GRID,2,1.254000000e-03,6.270000000e-04
1000,123,CG,1,1.514600000e-02,1.514600000e-02
1000,123,GS_PRE_CON,21,2.347800000e-02,1.118000000e-03
1000,123,PCG,1,3.844200000e-02,3.844200000e-02
1000,147,GRID_C_R,9,6.318000000e-03,7.020000000e-04
1000,147,FILL_FUNC,2,7.850000000e-03,3.925000000e-03
1000,147,RAND,2,1.965900000e-02,9.829500000e-03
1000,147,AXPBY,128,3.004600000e-02,2.347343750e-04
1000,147,DOT_PRODUCT,109,2.115700000e-02,1.941009174e-04
1000,147,APPLY_STENCIL,45,2.561100000e-02,5.691333333e-04
1000,147,GRID,2,1.573000000e-03,7.865000000e-04
1000,147,CG,1,3.588700000e-02,3.588700000e-02
1000,147,GS_PRE_CON,21,6.258500000e-02,2.980238095e-03
1000,147,PCG,1,9.880500000e-02,9.880500000e-02
1000,177,GRID_C_R,9,7.606000000e-03,8.451111111e-04
1000,177,FILL_FUNC,2,9.434000000e-03,4.717000000e-03
1000,177,RAND,2,3.177000000e-03,1.588500000e-03
1000,177,AXPBY,128,2.556700000e-02,1.997421875e-04
1000,177,DOT_PRODUCT,109,1.531200000e-02,1.404770642e-04
1000,177,APPLY_STENCIL,45,1.020400000e-02,2.267555556e-04
1000,177,GRID,2,1.810000000e-03,9.050000000e-04
1000,177,CG,1,2.199100000e-02,2.199100000e-02
1000,177,GS_PRE_CON,21,3.376100000e-02,1.607666667e-03
1000,177,PCG,1,5.728100000e-02,5.728100000e-02
1000,212,GRID_C_R,9,8.892000000e-03,9.880000000e-04
1000,212,FILL_FUNC,2,1.124400000e-02,5.622000000e-03
1000,212,RAND,2,3.797000000e-03,1.898500000e-03
1000,212,AXPBY,128,2.914500000e-02,2.276953125e-04
1000,212,DOT_PRODUCT,109,1.805800000e-02,1.656697248e-04
1000,212,APPLY_STENCIL,45,1.149700000e-02,2.554888889e-04
1000,212,GRID,2,2.115000000e-03,1.057500000e-03
1000,212,CG,1,2.705900000e-02,2.705900000e-02
1000,212,GS_PRE_CON,21,4.036500000e-02,1.922142857e-03
1000,212,PCG,1,6.538600000e-02,6.538600000e-02
1000,255,GRID_C_R,9,1.068500000e-02,1.187222222e-03
1000,255,FILL_FUNC,2,1.364100000e-02,6.820500000e-03
1000,255,RAND,2,4.588000000e-03,2.294000000e-03
1000,255,AXPBY,128,3.460000000e-02,2.703125000e-04
1000,255,DOT_PRODUCT,109,2.280300000e-02,2.092018349e-04
1000,255,APPLY_STENCIL,45,1.346700000e-02,2.992666667e-04
1000,255,GRID,2,2.537000000e-03,1.268500000e-03
1000,255,CG,1,3.188800000e-02,3.188800000e-02
1000,255,GS_PRE_CON,21,4.858300000e-02,2.313476190e-03
1000,255,PCG,1,7.964900000e-02,7.964900000e-02
1000,306,GRID_C_R,9,1.216200000e-02,1.351333333e-03
1000,306,FILL_FUNC,2,1.626800000e-02,8.134000000e-03
1000,306,RAND,2,5.489000000e-03,2.744500000e-03
1000,306,AXPBY,128,4.167900000e-02,3.256171875e-04
1000,306,DOT_PRODUCT,109,2.657300000e-02,2.437889908e-04
1000,306,APPLY_STENCIL,45,1.629700000e-02,3.621555556e-04
1000,306,GRID,2,2.390000000e-03,1.195000000e-03
1000,306,CG,1,3.754700000e-02,3.754700000e-02
1000,306,GS_PRE_CON,21,5.831400000e-02,2.776857143e-03
1000,306,PCG,1,9.565800000e-02,9.565800000e-02
1000,368,GRID_C_R,9,1.446400000e-02,1.607111111e-03
1000,368,FILL_FUNC,2,1.950200000e-02,9.751000000e-03
1000,368,RAND,2,6.637000000e-03,3.318500000e-03
1000,368,AXPBY,128,4.890200000e-02,3.820468750e-04
1000,368,DOT_PRODUCT,109,2.941400000e-02,2.698532110e-04
1000,368,APPLY_STENCIL,45,1.925300000e-02,4.278444444e-04
1000,368,GRID,2,2.423000000e-03,1.211500000e-03
1000,368,CG,1,4.385600000e-02,4.385600000e-02
1000,368,GS_PRE_CON,21,7.000900000e-02,3.333761905e-03
1000,368,PCG,1,1.121020000e-01,1.121020000e-01
1000,441,GRID_C_R,9,1.535400000e-02,1.706000000e-03
1000,441,FILL_FUNC,2,2.337700000e-02,1.168850000e-02
1000,441,RAND,2,7.931000000e-03,3.965500000e-03
1000,441,AXPBY,128,5.896900000e-02,4.606953125e-04
1000,441,DOT_PRODUCT,109,3.415500000e-02,3.133486239e-04
1000,441,APPLY_STENCIL,45,2.244900000e-02,4.988666667e-04
1000,441,GRID,2,3.031000000e-03,1.515500000e-03
1000,441,CG,1,5.160700000e-02,5.160700000e-02
1000,441,GS_PRE_CON,21,8.385600000e-02,3.993142857e-03
1000,441,PCG,1,1.338160000e-01,1.338160000e-01
1000,529,GRID_C_R,9,1.452500000e-02,1.613888889e-03
1000,529,FILL_FUNC,2,2.803800000e-02,1.401900000e-02
1000,529,RAND,2,9.479000000e-03,4.739500000e-03
1000,529,AXPBY,128,7.071000000e-02,5.524218750e-04
1000,529,DOT_PRODUCT,109,4.253000000e-02,3.901834862e-04
1000,529,APPLY_STENCIL,45,2.769600000e-02,6.154666667e-04
1000,529,GRID,2,3.926000000e-03,1.963000000e-03
1000,529,CG,1,6.037800000e-02,6.037800000e-02
1000,529,GS_PRE_CON,21,1.005980000e-01,4.790380952e-03
1000,529,PCG,1,1.634720000e-01,1.634720000e-01
1000,635,GRID_C_R,9,1.663100000e-02,1.847888889e-03
1000,635,FILL_FUNC,2,3.363600000e-02,1.681800000e-02
1000,635,RAND,2,1.137300000e-02,5.686500000e-03
1000,635,AXPBY,128,8.709200000e-02,6.804062500e-04
1000,635,DOT_PRODUCT,109,4.869300000e-02,4.467247706e-04
1000,635,APPLY_STENCIL,45,3.315100000e-02,7.366888889e-04
1000,635,GRID,2,4.209000000e-03,2.104500000e-03
1000,635,CG,1,7.807300000e-02,7.807300000e-02
1000,635,GS_PRE_CON,21,1.205470000e-01,5.740333333e-03
1000,635,PCG,1,1.890200000e-01,1.890200000e-01
1000,763,GRID_C_R,9,1.899700000e-02,2.110777778e-03
1000,763,FILL_FUNC,2,4.048300000e-02,2.024150000e-02
1000,763,RAND,2,1.361200000e-02,6.806000000e-03
1000,763,AXPBY,128,1.069820000e-01,8.357968750e-04
1000,763,DOT_PRODUCT,109,5.933400000e-02,5.443486239e-04
1000,763,APPLY_STENCIL,45,4.190400000e-02,9.312000000e-04
1000,763,GRID,2,4.694000000e-03,2.347000000e-03
1000,763,CG,1,8.953800000e-02,8.953800000e-02
1000,763,GS_PRE_CON,21,1.450410000e-01,6.906714286e-03
1000,763,PCG,1,2.377670000e-01,2.377670000e-01
1000,915,GRID_C_R,9,2.169900000e-02,2.411000000e-03
1000,915,FILL_FUNC,2,4.838900000e-02,2.419450000e-02
1000,915,RAND,2,1.635300000e-02,8.176500000e-03
1000,915,AXPBY,128,1.350260000e-01,1.054890625e-03
1000,915,DOT_PRODUCT,109,7.381300000e-02,6.771834862e-04
1000,915,APPLY_STENCIL,45,4.939200000e-02,1.097600000e-03
1000,915,GRID,2,5.537000000e-03,2.768500000e-03
1000,915,CG,1,1.087760000e-01,1.087760000e-01
1000,915,GS_PRE_CON,21,1.739420000e-01,8.282952381e-03
1000,915,PCG,1,2.918160000e-01,2.918160000e-01
1000,1098,GRID_C_R,9,2.313700000e-02,2.570777778e-03
1000,1098,FILL_FUNC,2,5.819400000e-02,2.909700000e-02
1000,1098,RAND,2,1.962100000e-02,9.810500000e-03
1000,1098,AXPBY,128,1.835800000e-01,1.434218750e-03
1000,1098,DOT_PRODUCT,109,1.029580000e-01,9.445688073e-04
1000,1098,APPLY_STENCIL,45,6.259000000e-02,1.390888889e-03
1000,1098,GRID,2,6.900000000e-03,3.450000000e-03
1000,1098,CG,1,1.437370000e-01,1.437370000e-01
1000,1098,GS_PRE_CON,21,2.089170000e-01,9.948428571e-03
1000,1098,PCG,1,3.746410000e-01,3.746410000e-01
1000,1318,GRID_C_R,9,2.769900000e-02,3.077666667e-03
1000,1318,FILL_FUNC,2,6.983300000e-02,3.491650000e-02
1000,1318,RAND,2,2.356900000e-02,1.178450000e-02
1000,1318,AXPBY,128,2.291280000e-01,1.790062500e-03
1000,1318,DOT_PRODUCT,109,1.320920000e-01,1.211853211e-03
1000,1318,APPLY_STENCIL,45,8.443300000e-02,1.876288889e-03
1000,1318,GRID,2,7.667000000e-03,3.833500000e-03
1000,1318,CG,1,1.730140000e-01,1.730140000e-01
1000,1318,GS_PRE_CON,21,2.510050000e-01,1.195261905e-02
1000,1318,PCG,1,4.743420000e-01,4.743420000e-01
1000,1582,GRID_C_R,9,3.103500000e-02,3.448333333e-03
1000,1582,FILL_FUNC,2,8.350400000e-02,4.175200000e-02
1000,1582,RAND,2,2.823600000e-02,1.411800000e-02
1000,1582,AXPBY,128,2.682540000e-01,2.095734375e-03
1000,1582,DOT_PRODUCT,109,1.538900000e-01,1.411834862e-03
1000,1582,APPLY_STENCIL,45,9.317800000e-02,2.070622222e-03
1000,1582,GRID,2,7.715000000e-03,3.857500000e-03
1000,1582,CG,1,2.065440000e-01,2.065440000e-01
1000,1582,GS_PRE_CON,21,3.011750000e-01,1.434166667e-02
1000,1582,PCG,1,5.530150000e-01,5.530150000e-01
1000,1899,GRID_C_R,9,3.617700000e-02,4.019666667e-03
1000,1899,FILL_FUNC,2,1.939360000e-01,9.696800000e-02
1000,1899,RAND,2,3.382900000e-02,1.691450000e-02
1000,1899,AXPBY,128,3.113170000e-01,2.432164062e-03
1000,1899,DOT_PRODUCT,109,1.814970000e-01,1.665110092e-03
1000,1899,APPLY_STENCIL,45,1.123470000e-01,2.496600000e-03
1000,1899,GRID,2,1.004400000e-02,5.022000000e-03
1000,1899,CG,1,2.479060000e-01,2.479060000e-01
1000,1899,GS_PRE_CON,21,3.623470000e-01,1.725461905e-02
1000,1899,PCG,1,6.503490000e-01,6.503490000e-01
1000,2278,GRID_C_R,9,4.236500000e-02,4.707222222e-03
1000,2278,FILL_FUNC,2,1.203880000e-01,6.019400000e-02
1000,2278,RAND,2,4.063500000e-02,2.031750000e-02
1000,2278,AXPBY,128,3.783060000e-01,2.955515625e-03
1000,2278,DOT_PRODUCT,109,2.366400000e-01,2.171009174e-03
1000,2278,APPLY_STENCIL,45,1.372780000e-01,3.050622222e-03
1000,2278,GRID,2,1.149100000e-02,5.745500000e-03
1000,2278,CG,1,3.020900000e-01,3.020900000e-01
1000,2278,GS_PRE_CON,21,4.336620000e-01,2.065057143e-02
1000,2278,PCG,1,7.997600000e-01,7.997600000e-01
1000,2734,GRID_C_R,9,5.020800000e-02,5.578666667e-03
1000,2734,FILL_FUNC,2,1.445120000e-01,7.225600000e-02
1000,2734,RAND,2,4.879700000e-02,2.439850000e-02
1000,2734,AXPBY,128,4.775920000e-01,3.731187500e-03
1000,2734,DOT_PRODUCT,109,3.033180000e-01,2.782733945e-03
1000,2734,APPLY_STENCIL,45,1.715800000e-01,3.812888889e-03
1000,2734,GRID,2,1.362500000e-02,6.812500000e-03
1000,2734,CG,1,3.741900000e-01,3.741900000e-01
1000,2734,GS_PRE_CON,21,5.205100000e-01,2.478619048e-02
1000,2734,PCG,1,9.955700000e-01,9.955700000e-01
1000,3281,GRID_C_R,9,5.779000000e-02,6.421111111e-03
1000,3281,FILL_FUNC,2,1.732670000e-01,8.663350000e-02
1000,3281,RAND,2,5.845700000e-02,2.922850000e-02
1000,3281,AXPBY,128,5.717830000e-01,4.467054688e-03
1000,3281,DOT_PRODUCT,109,3.759610000e-01,3.449183486e-03
1000,3281,APPLY_STENCIL,45,2.017620000e-01,4.483600000e-03
1000,3281,GRID,2,1.626800000e-02,8.134000000e-03
1000,3281,CG,1,4.519460000e-01,4.519460000e-01
1000,3281,GS_PRE_CON,21,6.248290000e-01,2.975376190e-02
1000,3281,PCG,1,1.196752000e+00,1.196752000e+00
1000,3937,GRID_C_R,9,6.909700000e-02,7.677444444e-03
1000,3937,FILL_FUNC,2,2.080330000e-01,1.040165000e-01
1000,3937,RAND,2,7.016600000e-02,3.508300000e-02
1000,3937,AXPBY,128,7.473400000e-01,5.838593750e-03
1000,3937,DOT_PRODUCT,109,5.131250000e-01,4.707568807e-03
1000,3937,APPLY_STENCIL,45,2.548960000e-01,5.664355556e-03
1000,3937,GRID,2,2.783700000e-02,1.391850000e-02
1000,3937,CG,1,5.568760000e-01,5.568760000e-01
1000,3937,GS_PRE_CON,21,7.512490000e-01,3.577376190e-02
1000,3937,PCG,1,1.552175000e+00,1.552175000e+00
1000,4725,GRID_C_R,9,8.160400000e-02,9.067111111e-03
1000,4725,FILL_FUNC,2,2.487960000e-01,1.243980000e-01
1000,4725,RAND,2,8.413100000e-02,4.206550000e-02
1000,4725,AXPBY,128,8.680000000e-01,6.781250000e-03
1000,4725,DOT_PRODUCT,109,6.191850000e-01,5.680596330e-03
1000,4725,APPLY_STENCIL,45,3.058090000e-01,6.795755556e-03
1000,4725,GRID,2,3.365900000e-02,1.682950000e-02
1000,4725,CG,1,6.588430000e-01,6.588430000e-01
1000,4725,GS_PRE_CON,21,9.016350000e-01,4.293500000e-02
1000,4725,PCG,1,1.849712000e+00,1.849712000e+00
1000,5670,GRID_C_R,9,9.611200000e-02,1.067911111e-02
1000,5670,FILL_FUNC,2,4.073740000e-01,2.036870000e-01
1000,5670,RAND,2,1.017370000e-01,5.086850000e-02
1000,5670,AXPBY,128,1.022366000e+00,7.987234375e-03
1000,5670,DOT_PRODUCT,109,7.259090000e-01,6.659715596e-03
1000,5670,APPLY_STENCIL,45,3.538310000e-01,7.862911111e-03
1000,5670,GRID,2,3.681600000e-02,1.840800000e-02
1000,5670,CG,1,7.942300000e-01,7.942300000e-01
1000,5670,GS_PRE_CON,21,1.080452000e+00,5.145009524e-02
1000,5670,PCG,1,2.168145000e+00,2.168145000e+00
1000,6804,GRID_C_R,9,1.232710000e-01,1.369677778e-02
1000,6804,FILL_FUNC,2,3.581910000e-01,1.790955000e-01
1000,6804,RAND,2,1.210500000e-01,6.052500000e-02
1000,6804,AXPBY,128,1.314464000e+00,1.026925000e-02
1000,6804,DOT_PRODUCT,109,9.878690000e-01,9.063018349e-03
1000,6804,APPLY_STENCIL,45,4.541730000e-01,1.009273333e-02
1000,6804,GRID,2,4.794000000e-02,2.397000000e-02
1000,6804,CG,1,1.081791000e+00,1.081791000e+00
1000,6804,GS_PRE_CON,21,1.300675000e+00,6.193690476e-02
1000,6804,PCG,1,2.695503000e+00,2.695503000e+00
1000,8165,GRID_C_R,9,1.482470000e-01,1.647188889e-02
1000,8165,FILL_FUNC,2,4.296250000e-01,2.148125000e-01
1000,8165,RAND,2,1.454000000e-01,7.270000000e-02
1000,8165,AXPBY,128,1.546605000e+00,1.208285156e-02
1000,8165,DOT_PRODUCT,109,1.158013000e+00,1.062397248e-02
1000,8165,APPLY_STENCIL,45,5.370250000e-01,1.193388889e-02
1000,8165,GRID,2,5.746000000e-02,2.873000000e-02
1000,8165,CG,1,1.265496000e+00,1.265496000e+00
1000,8165,GS_PRE_CON,21,1.560792000e+00,7.432342857e-02
1000,8165,PCG,1,3.204538000e+00,3.204538000e+00
1000,9798,GRID_C_R,9,1.750690000e-01,1.945211111e-02
1000,9798,FILL_FUNC,2,5.160160000e-01,2.580080000e-01
1000,9798,RAND,2,1.744530000e-01,8.722650000e-02
1000,9798,AXPBY,128,1.765174000e+00,1.379042187e-02
1000,9798,DOT_PRODUCT,109,1.306456000e+00,1.198583486e-02
1000,9798,APPLY_STENCIL,45,6.163450000e-01,1.369655556e-02
1000,9798,GRID,2,6.237500000e-02,3.118750000e-02
1000,9798,CG,1,1.390737000e+00,1.390737000e+00
1000,9798,GS_PRE_CON,21,1.870218000e+00,8.905800000e-02
1000,9798,PCG,1,3.780925000e+00,3.780925000e+00
1000,11758,GRID_C_R,9,2.106880000e-01,2.340977778e-02
1000,11758,FILL_FUNC,2,6.183470000e-01,3.091735000e-01
1000,11758,RAND,2,2.093150000e-01,1.046575000e-01
1000,11758,AXPBY,128,2.089045000e+00,1.632066406e-02
1000,11758,DOT_PRODUCT,109,1.549667000e+00,1.421712844e-02
1000,11758,APPLY_STENCIL,45,7.301670000e-01,1.622593333e-02
1000,11758,GRID,2,7.518400000e-02,3.759200000e-02
1000,11758,CG,1,1.680365000e+00,1.680365000e+00
1000,11758,GS_PRE_CON,21,2.243350000e+00,1.068261905e-01
1000,11758,PCG,1,4.470649000e+00,4.470649000e+00
1000,14109,GRID_C_R,9,2.505960000e-01,2.784400000e-02
1000,14109,FILL_FUNC,2,7.489510000e-01,3.744755000e-01
1000,14109,RAND,2,2.511640000e-01,1.255820000e-01
1000,14109,AXPBY,128,2.442473000e+00,1.908182031e-02
1000,14109,DOT_PRODUCT,109,1.808507000e+00,1.659180734e-02
1000,14109,APPLY_STENCIL,45,8.714180000e-01,1.936484444e-02
1000,14109,GRID,2,8.779800000e-02,4.389900000e-02
1000,14109,CG,1,1.981051000e+00,1.981051000e+00
1000,14109,GS_PRE_CON,21,2.694219000e+00,1.282961429e-01
1000,14109,PCG,1,5.292269000e+00,5.292269000e+00
1000,16931,GRID_C_R,9,2.982380000e-01,3.313755556e-02
1000,16931,FILL_FUNC,2,8.901340000e-01,4.450670000e-01
1000,16931,RAND,2,3.020350000e-01,1.510175000e-01
1000,16931,AXPBY,128,2.953665000e+00,2.307550781e-02
1000,16931,DOT_PRODUCT,109,2.174902000e+00,1.995322936e-02
1000,16931,APPLY_STENCIL,45,1.028371000e+00,2.285268889e-02
1000,16931,GRID,2,1.052990000e-01,5.264950000e-02
1000,16931,CG,1,2.410029000e+00,2.410029000e+00
1000,16931,GS_PRE_CON,21,3.231488000e+00,1.538803810e-01
1000,16931,PCG,1,6.331676000e+00,6.331676000e+00
1000,20318,GRID_C_R,9,3.582420000e-01,3.980466667e-02
1000,20318,FILL_FUNC,2,1.068334000e+00,5.341670000e-01
1000,20318,RAND,2,3.626660000e-01,1.813330000e-01
1000,20318,AXPBY,128,3.515455000e+00,2.746449219e-02
1000,20318,DOT_PRODUCT,109,2.579270000e+00,2.366302752e-02
1000,20318,APPLY_STENCIL,45,1.220884000e+00,2.713075556e-02
1000,20318,GRID,2,1.286670000e-01,6.433350000e-02
1000,20318,CG,1,2.920618000e+00,2.920618000e+00
1000,20318,GS_PRE_CON,21,3.878410000e+00,1.846861905e-01
1000,20318,PCG,1,7.505544000e+00,7.505544000e+00
1000,24381,GRID_C_R,9,4.299800000e-01,4.777555556e-02
1000,24381,FILL_FUNC,2,1.281935000e+00,6.409675000e-01
1000,24381,RAND,2,4.341340000e-01,2.170670000e-01
1000,24381,AXPBY,128,4.207517000e+00,3.287122656e-02
1000,24381,DOT_PRODUCT,109,3.070016000e+00,2.816528440e-02
1000,24381,APPLY_STENCIL,45,1.464102000e+00,3.253560000e-02
1000,24381,GRID,2,1.540470000e-01,7.702350000e-02
1000,24381,CG,1,3.526123000e+00,3.526123000e+00
1000,24381,GS_PRE_CON,21,4.656747000e+00,2.217498571e-01
1000,24381,PCG,1,8.953335000e+00,8.953335000e+00
1000,29258,GRID_C_R,9,5.206170000e-01,5.784633333e-02
1000,29258,FILL_FUNC,2,1.534574000e+00,7.672870000e-01
1000,29258,RAND,2,5.216480000e-01,2.608240000e-01
1000,29258,AXPBY,128,4.887986000e+00,3.818739063e-02
1000,29258,DOT_PRODUCT,109,3.626334000e+00,3.326911927e-02
1000,29258,APPLY_STENCIL,45,1.752171000e+00,3.893713333e-02
1000,29258,GRID,2,1.864900000e-01,9.324500000e-02
1000,29258,CG,1,4.097193000e+00,4.097193000e+00
1000,29258,GS_PRE_CON,21,5.587668000e+00,2.660794286e-01
1000,29258,PCG,1,1.066832700e+01,1.066832700e+01
1000,35109,GRID_C_R,9,6.277860000e-01,6.975400000e-02
1000,35109,FILL_FUNC,2,1.863236000e+00,9.316180000e-01
1000,35109,RAND,2,6.259380000e-01,3.129690000e-01
1000,35109,AXPBY,128,5.989161000e+00,4.679032031e-02
1000,35109,DOT_PRODUCT,109,4.305372000e+00,3.949882569e-02
1000,35109,APPLY_STENCIL,45,2.101563000e+00,4.670140000e-02
1000,35109,GRID,2,2.172560000e-01,1.086280000e-01
1000,35109,CG,1,5.046038000e+00,5.046038000e+00
1000,35109,GS_PRE_CON,21,6.707868000e+00,3.194222857e-01
1000,35109,PCG,1,1.276177400e+01,1.276177400e+01
9,2000,GRID_C_R,9,9.810000000e-04,1.090000000e-04
9,2000,FILL_FUNC,2,9.660000000e-04,4.830000000e-04
9,2000,RAND,2,3.460000000e-04,1.730000000e-04
9,2000,AXPBY,128,2.099000000e-03,1.639843750e-05
9,2000,DOT_PRODUCT,109,9.290000000e-04,8.522935780e-06
9,2000,APPLY_STENCIL,45,8.380000000e-04,1.862222222e-05
9,2000,GRID,2,2.160000000e-04,1.080000000e-04
9,2000,CG,1,1.680000000e-03,1.680000000e-03
9,2000,GS_PRE_CON,21,1.151000000e-03,5.480952381e-05
9,2000,PCG,1,2.953000000e-03,2.953000000e-03
11,2000,GRID_C_R,9,1.166000000e-03,1.295555556e-04
11,2000,FILL_FUNC,2,1.176000000e-03,5.880000000e-04
11,2000,RAND,2,4.170000000e-04,2.085000000e-04
11,2000,AXPBY,128,2.466000000e-03,1.926562500e-05
11,2000,DOT_PRODUCT,109,1.776000000e-03,1.629357798e-05
11,2000,APPLY_STENCIL,45,8.720000000e-04,1.937777778e-05
11,2000,GRID,2,2.620000000e-04,1.310000000e-04
11,2000,CG,1,2.151000000e-03,2.151000000e-03
11,2000,GS_PRE_CON,21,1.618000000e-03,7.704761905e-05
11,2000,PCG,1,4.046000000e-03,4.046000000e-03
13,2000,GRID_C_R,9,1.297000000e-03,1.441111111e-04
13,2000,FILL_FUNC,2,1.389000000e-03,6.945000000e-04
13,2000,RAND,2,4.890000000e-04,2.445000000e-04
13,2000,AXPBY,128,2.940000000e-03,2.296875000e-05
13,2000,DOT_PRODUCT,109,1.301000000e-03,1.193577982e-05
13,2000,APPLY_STENCIL,45,1.171000000e-03,2.602222222e-05
13,2000,GRID,2,2.980000000e-04,1.490000000e-04
13,2000,CG,1,2.283000000e-03,2.283000000e-03
13,2000,GS_PRE_CON,21,1.831000000e-03,8.719047619e-05
13,2000,PCG,1,4.273000000e-03,4.273000000e-03
16,2000,GRID_C_R,9,1.564000000e-03,1.737777778e-04
16,2000,FILL_FUNC,2,1.701000000e-03,8.505000000e-04
16,2000,RAND,2,5.850000000e-04,2.925000000e-04
16,2000,AXPBY,128,3.673000000e-03,2.869531250e-05
16,2000,DOT_PRODUCT,109,1.604000000e-03,1.471559633e-05
16,2000,APPLY_STENCIL,45,1.216000000e-03,2.702222222e-05
16,2000,GRID,2,3.760000000e-04,1.880000000e-04
16,2000,CG,1,2.759000000e-03,2.759000000e-03
16,2000,GS_PRE_CON,21,2.282000000e-03,1.086666667e-04
16,2000,PCG,1,5.268000000e-03,5.268000000e-03
19,2000,GRID_C_R,9,1.818000000e-03,2.020000000e-04
19,2000,FILL_FUNC,2,2.020000000e-03,1.010000000e-03
19,2000,RAND,2,6.980000000e-04,3.490000000e-04
19,2000,AXPBY,128,4.455000000e-03,3.480468750e-05
19,2000,DOT_PRODUCT,109,1.901000000e-03,1.744036697e-05
19,2000,APPLY_STENCIL,45,1.573000000e-03,3.495555556e-05
19,2000,GRID,2,4.260000000e-04,2.130000000e-04
19,2000,CG,1,3.357000000e-03,3.357000000e-03
19,2000,GS_PRE_CON,21,3.345000000e-03,1.592857143e-04
19,2000,PCG,1,7.013000000e-03,7.013000000e-03
23,2000,GRID_C_R,9,1.997000000e-03,2.218888889e-04
23,2000,FILL_FUNC,2,2.452000000e-03,1.226000000e-03
23,2000,RAND,2,8.410000000e-04,4.205000000e-04
23,2000,AXPBY,128,5.604000000e-03,4.378125000e-05
23,2000,DOT_PRODUCT,109,2.292000000e-03,2.102752294e-05
23,2000,APPLY_STENCIL,45,2.071000000e-03,4.602222222e-05
23,2000,GRID,2,5.050000000e-04,2.525000000e-04
23,2000,CG,1,4.361000000e-03,4.361000000e-03
23,2000,GS_PRE_CON,21,4.107000000e-03,1.955714286e-04
23,2000,PCG,1,8.659000000e-03,8.659000000e-03
28,2000,GRID_C_R,9,2.628000000e-03,2.920000000e-04
28,2000,FILL_FUNC,2,3.005000000e-03,1.502500000e-03
28,2000,RAND,2,1.000000000e-03,5.000000000e-04
28,2000,AXPBY,128,1.542600000e-02,1.205156250e-04
28,2000,DOT_PRODUCT,109,2.864000000e-03,2.627522936e-05
28,2000,APPLY_STENCIL,45,2.770000000e-03,6.155555556e-05
28,2000,GRID,2,6.340000000e-04,3.170000000e-04
28,2000,CG,1,1.360900000e-02,1.360900000e-02
28,2000,GS_PRE_CON,21,2.206700000e-02,1.050809524e-03
28,2000,PCG,1,2.809100000e-02,2.809100000e-02
34,2000,GRID_C_R,9,3.136000000e-03,3.484444444e-04
34,2000,FILL_FUNC,2,3.652000000e-03,1.826000000e-03
34,2000,RAND,2,1.241000000e-03,6.205000000e-04
34,2000,AXPBY,128,9.691000000e-03,7.571093750e-05
34,2000,DOT_PRODUCT,109,4.137000000e-03,3.795412844e-05
34,2000,APPLY_STENCIL,45,4.256000000e-03,9.457777778e-05
34,2000,GRID,2,7.330000000e-04,3.665000000e-04
34,2000,CG,1,7.208000000e-03,7.208000000e-03
34,2000,GS_PRE_CON,21,7.543000000e-03,3.591904762e-04
34,2000,PCG,1,1.647300000e-02,1.647300000e-02
41,2000,GRID_C_R,9,3.719000000e-03,4.132222222e-04
41,2000,FILL_FUNC,2,4.395000000e-03,2.197500000e-03
41,2000,RAND,2,1.495000000e-03,7.475000000e-04
41,2000,AXPBY,128,1.236800000e-02,9.662500000e-05
41,2000,DOT_PRODUCT,109,4.981000000e-03,4.569724771e-05
41,2000,APPLY_STENCIL,45,5.495000000e-03,1.221111111e-04
41,2000,GRID,2,8.560000000e-04,4.280000000e-04
41,2000,CG,1,9.268000000e-03,9.268000000e-03
41,2000,GS_PRE_CON,21,9.093000000e-03,4.330000000e-04
41,2000,PCG,1,2.033100000e-02,2.033100000e-02
49,2000,GRID_C_R,9,4.098000000e-03,4.553333333e-04
49,2000,FILL_FUNC,2,5.235000000e-03,2.617500000e-03
49,2000,RAND,2,1.784000000e-03,8.920000000e-04
49,2000,AXPBY,128,1.424000000e-02,1.112500000e-04
49,2000,DOT_PRODUCT,109,7.194000000e-03,6.600000000e-05
49,2000,APPLY_STENCIL,45,6.846000000e-03,1.521333333e-04
49,2000,GRID,2,9.980000000e-04,4.990000000e-04
49,2000,CG,1,1.237100000e-02,1.237100000e-02
49,2000,GS_PRE_CON,21,1.102400000e-02,5.249523810e-04
49,2000,PCG,1,2.416100000e-02,2.416100000e-02
59,2000,GRID_C_R,9,5.156000000e-03,5.728888889e-04
59,2000,FILL_FUNC,2,6.300000000e-03,3.150000000e-03
59,2000,RAND,2,2.107000000e-03,1.053500000e-03
59,2000,AXPBY,128,1.694600000e-02,1.323906250e-04
59,2000,DOT_PRODUCT,109,9.544000000e-03,8.755963303e-05
59,2000,APPLY_STENCIL,45,8.532000000e-03,1.896000000e-04
59,2000,GRID,2,1.226000000e-03,6.130000000e-04
59,2000,CG,1,1.556400000e-02,1.556400000e-02
59,2000,GS_PRE_CON,21,1.357900000e-02,6.466190476e-04
59,2000,PCG,1,2.944200000e-02,2.944200000e-02
71,2000,GRID_C_R,9,6.101000000e-03,6.778888889e-04
71,2000,FILL_FUNC,2,7.572000000e-03,3.786000000e-03
71,2000,RAND,2,2.561000000e-03,1.280500000e-03
71,2000,AXPBY,128,2.054700000e-02,1.605234375e-04
71,2000,DOT_PRODUCT,109,1.196500000e-02,1.097706422e-04
71,2000,APPLY_STENCIL,45,1.008700000e-02,2.241555556e-04
71,2000,GRID,2,1.494000000e-03,7.470000000e-04
71,2000,CG,1,1.897100000e-02,1.897100000e-02
71,2000,GS_PRE_CON,21,1.668800000e-02,7.946666667e-04
71,2000,PCG,1,3.600400000e-02,3.600400000e-02
85,2000,GRID_C_R,9,7.337000000e-03,8.152222222e-04
85,2000,FILL_FUNC,2,9.072000000e-03,4.536000000e-03
85,2000,RAND,2,3.096000000e-03,1.548000000e-03
85,2000,AXPBY,128,2.896400000e-02,2.262812500e-04
85,2000,DOT_PRODUCT,109,1.671500000e-02,1.533486239e-04
85,2000,APPLY_STENCIL,45,1.270800000e-02,2.824000000e-04
85,2000,GRID,2,1.742000000e-03,8.710000000e-04
85,2000,CG,1,2.863600000e-02,2.863600000e-02
85,2000,GS_PRE_CON,21,2.162000000e-02,1.029523810e-03
85,2000,PCG,1,4.548900000e-02,4.548900000e-02
102,2000,GRID_C_R,9,8.652000000e-03,9.613333333e-04
102,2000,FILL_FUNC,2,1.087300000e-02,5.436500000e-03
102,2000,RAND,2,3.638000000e-03,1.819000000e-03
102,2000,AXPBY,128,2.878300000e-02,2.248671875e-04
102,2000,DOT_PRODUCT,109,1.723200000e-02,1.580917431e-04
102,2000,APPLY_STENCIL,45,1.495300000e-02,3.322888889e-04
102,2000,GRID,2,2.087000000e-03,1.043500000e-03
102,2000,CG,1,2.801500000e-02,2.801500000e-02
102,2000,GS_PRE_CON,21,2.846100000e-02,1.355285714e-03
102,2000,PCG,1,5.490900000e-02,5.490900000e-02
123,2000,GRID_C_R,9,9.679000000e-03,1.075444444e-03
123,2000,FILL_FUNC,2,1.328000000e-02,6.640000000e-03
123,2000,RAND,2,4.404000000e-03,2.202000000e-03
123,2000,AXPBY,128,3.388800000e-02,2.647500000e-04
123,2000,DOT_PRODUCT,109,2.148900000e-02,1.971467890e-04
123,2000,APPLY_STENCIL,45,1.647300000e-02,3.660666667e-04
123,2000,GRID,2,2.463000000e-03,1.231500000e-03
123,2000,CG,1,3.246500000e-02,3.246500000e-02
123,2000,GS_PRE_CON,21,3.693800000e-02,1.758952381e-03
123,2000,PCG,1,6.861000000e-02,6.861000000e-02
147,2000,GRID_C_R,9,1.102600000e-02,1.225111111e-03
147,2000,FILL_FUNC,2,1.559800000e-02,7.799000000e-03
147,2000,RAND,2,5.249000000e-03,2.624500000e-03
147,2000,AXPBY,128,4.119600000e-02,3.218437500e-04
147,2000,DOT_PRODUCT,109,2.520800000e-02,2.312660550e-04
147,2000,APPLY_STENCIL,45,2.025400000e-02,4.500888889e-04
147,2000,GRID,2,2.900000000e-03,1.450000000e-03
147,2000,CG,1,3.857700000e-02,3.857700000e-02
147,2000,GS_PRE_CON,21,4.634000000e-02,2.206666667e-03
147,2000,PCG,1,8.494500000e-02,8.494500000e-02
177,2000,GRID_C_R,9,1.253600000e-02,1.392888889e-03
177,2000,FILL_FUNC,2,1.885500000e-02,9.427500000e-03
177,2000,RAND,2,6.368000000e-03,3.184000000e-03
177,2000,AXPBY,128,4.908000000e-02,3.834375000e-04
177,2000,DOT_PRODUCT,109,2.790300000e-02,2.559908257e-04
177,2000,APPLY_STENCIL,45,2.349500000e-02,5.221111111e-04
177,2000,GRID,2,2.837000000e-03,1.418500000e-03
177,2000,CG,1,4.490400000e-02,4.490400000e-02
177,2000,GS_PRE_CON,21,5.773200000e-02,2.749142857e-03
177,2000,PCG,1,1.018120000e-01,1.018120000e-01
212,2000,GRID_C_R,9,1.448400000e-02,1.609333333e-03
212,2000,FILL_FUNC,2,2.250600000e-02,1.125300000e-02
212,2000,RAND,2,7.562000000e-03,3.781000000e-03
212,2000,AXPBY,128,5.599700000e-02,4.374765625e-04
212,2000,DOT_PRODUCT,109,3.247000000e-02,2.978899083e-04
212,2000,APPLY_STENCIL,45,2.942700000e-02,6.539333333e-04
212,2000,GRID,2,3.550000000e-03,1.775000000e-03
212,2000,CG,1,5.328300000e-02,5.328300000e-02
212,2000,GS_PRE_CON,21,7.102600000e-02,3.382190476e-03
212,2000,PCG,1,1.214870000e-01,1.214870000e-01
255,2000,GRID_C_R,9,1.526000000e-02,1.695555556e-03
255,2000,FILL_FUNC,2,5.405800000e-02,2.702900000e-02
255,2000,RAND,2,9.128000000e-03,4.564000000e-03
255,2000,AXPBY,128,1.118750000e-01,8.740234375e-04
255,2000,DOT_PRODUCT,109,1.083930000e-01,9.944311927e-04
255,2000,APPLY_STENCIL,45,3.771500000e-02,8.381111111e-04
255,2000,GRID,2,3.938000000e-03,1.969000000e-03
255,2000,CG,1,1.394850000e-01,1.394850000e-01
255,2000,GS_PRE_CON,21,8.853300000e-02,4.215857143e-03
255,2000,PCG,1,1.697640000e-01,1.697640000e-01
306,2000,GRID_C_R,9,1.642400000e-02,1.824888889e-03
306,2000,FILL_FUNC,2,3.246400000e-02,1.623200000e-02
306,2000,RAND,2,1.098100000e-02,5.490500000e-03
306,2000,AXPBY,128,8.746900000e-02,6.833515625e-04
306,2000,DOT_PRODUCT,109,4.952700000e-02,4.543761468e-04
306,2000,APPLY_STENCIL,45,4.551800000e-02,1.011511111e-03
306,2000,GRID,2,4.628000000e-03,2.314000000e-03
306,2000,CG,1,7.515000000e-02,7.515000000e-02
306,2000,GS_PRE_CON,21,1.084800000e-01,5.165714286e-03
306,2000,PCG,1,1.934470000e-01,1.934470000e-01
368,2000,GRID_C_R,9,1.799000000e-02,1.998888889e-03
368,2000,FILL_FUNC,2,3.900600000e-02,1.950300000e-02
368,2000,RAND,2,1.319700000e-02,6.598500000e-03
368,2000,AXPBY,128,1.067690000e-01,8.341328125e-04
368,2000,DOT_PRODUCT,109,6.173100000e-02,5.663394495e-04
368,2000,APPLY_STENCIL,45,5.108200000e-02,1.135155556e-03
368,2000,GRID,2,4.514000000e-03,2.257000000e-03
368,2000,CG,1,9.125600000e-02,9.125600000e-02
368,2000,GS_PRE_CON,21,1.322070000e-01,6.295571429e-03
368,2000,PCG,1,2.346160000e-01,2.346160000e-01
441,2000,GRID_C_R,9,2.112500000e-02,2.347222222e-03
441,2000,FILL_FUNC,2,4.672900000e-02,2.336450000e-02
441,2000,RAND,2,1.576300000e-02,7.881500000e-03
441,2000,AXPBY,128,1.311680000e-01,1.024750000e-03
441,2000,DOT_PRODUCT,109,7.142900000e-02,6.553119266e-04
441,2000,APPLY_STENCIL,45,4.979900000e-02,1.106644444e-03
441,2000,GRID,2,5.909000000e-03,2.954500000e-03
441,2000,CG,1,1.041650000e-01,1.041650000e-01
441,2000,GS_PRE_CON,21,1.611510000e-01,7.673857143e-03
441,2000,PCG,1,2.787620000e-01,2.787620000e-01
529,2000,GRID_C_R,9,2.297600000e-02,2.552888889e-03
529,2000,FILL_FUNC,2,5.593800000e-02,2.796900000e-02
529,2000,RAND,2,1.892800000e-02,9.464000000e-03
529,2000,AXPBY,128,1.532880000e-01,1.197562500e-03
529,2000,DOT_PRODUCT,109,8.113300000e-02,7.443394495e-04
529,2000,APPLY_STENCIL,45,5.555100000e-02,1.234466667e-03
529,2000,GRID,2,5.915000000e-03,2.957500000e-03
529,2000,CG,1,1.241790000e-01,1.241790000e-01
529,2000,GS_PRE_CON,21,1.957390000e-01,9.320904762e-03
529,2000,PCG,1,3.252930000e-01,3.252930000e-01
635,2000,GRID_C_R,9,2.716900000e-02,3.018777778e-03
635,2000,FILL_FUNC,2,6.723000000e-02,3.361500000e-02
635,2000,RAND,2,2.261400000e-02,1.130700000e-02
635,2000,AXPBY,128,2.038120000e-01,1.592281250e-03
635,2000,DOT_PRODUCT,109,1.156110000e-01,1.060651376e-03
635,2000,APPLY_STENCIL,45,7.405100000e-02,1.645577778e-03
635,2000,GRID,2,6.974000000e-03,3.487000000e-03
635,2000,CG,1,1.674390000e-01,1.674390000e-01
635,2000,GS_PRE_CON,21,2.376660000e-01,1.131742857e-02
635,2000,PCG,1,4.184380000e-01,4.184380000e-01
763,2000,GRID_C_R,9,3.017800000e-02,3.353111111e-03
763,2000,FILL_FUNC,2,8.062300000e-02,4.031150000e-02
763,2000,RAND,2,2.721800000e-02,1.360900000e-02
763,2000,AXPBY,128,2.561480000e-01,2.001156250e-03
763,2000,DOT_PRODUCT,109,1.515610000e-01,1.390467890e-03
763,2000,APPLY_STENCIL,45,8.758000000e-02,1.946222222e-03
763,2000,GRID,2,8.664000000e-03,4.332000000e-03
763,2000,CG,1,1.938310000e-01,1.938310000e-01
763,2000,GS_PRE_CON,21,2.883000000e-01,1.372857143e-02
763,2000,PCG,1,5.341390000e-01,5.341390000e-01
915,2000,GRID_C_R,9,3.556700000e-02,3.951888889e-03
915,2000,FILL_FUNC,2,9.676700000e-02,4.838350000e-02
915,2000,RAND,2,3.259500000e-02,1.629750000e-02
915,2000,AXPBY,128,2.858680000e-01,2.233343750e-03
915,2000,DOT_PRODUCT,109,1.637190000e-01,1.502009174e-03
915,2000,APPLY_STENCIL,45,9.981900000e-02,2.218200000e-03
915,2000,GRID,2,9.608000000e-03,4.804000000e-03
915,2000,CG,1,2.347350000e-01,2.347350000e-01
915,2000,GS_PRE_CON,21,3.470680000e-01,1.652704762e-02
915,2000,PCG,1,5.949850000e-01,5.949850000e-01
1098,2000,GRID_C_R,9,4.163200000e-02,4.625777778e-03
1098,2000,FILL_FUNC,2,1.161520000e-01,5.807600000e-02
1098,2000,RAND,2,3.933500000e-02,1.966750000e-02
1098,2000,AXPBY,128,3.653130000e-01,2.854007812e-03
1098,2000,DOT_PRODUCT,109,2.191560000e-01,2.010605505e-03
1098,2000,APPLY_STENCIL,45,1.252570000e-01,2.783488889e-03
1098,2000,GRID,2,1.147500000e-02,5.737500000e-03
1098,2000,CG,1,2.897640000e-01,2.897640000e-01
1098,2000,GS_PRE_CON,21,4.193090000e-01,1.996709524e-02
1098,2000,PCG,1,7.589970000e-01,7.589970000e-01
1318,2000,GRID_C_R,9,4.912800000e-02,5.458666667e-03
1318,2000,FILL_FUNC,2,1.402560000e-01,7.012800000e-02
1318,2000,RAND,2,4.697800000e-02,2.348900000e-02
1318,2000,AXPBY,128,4.586410000e-01,3.583132813e-03
1318,2000,DOT_PRODUCT,109,2.938260000e-01,2.695651376e-03
1318,2000,APPLY_STENCIL,45,1.559210000e-01,3.464911111e-03
1318,2000,GRID,2,1.409400000e-02,7.047000000e-03
1318,2000,CG,1,3.567160000e-01,3.567160000e-01
1318,2000,GS_PRE_CON,21,5.060440000e-01,2.409733333e-02
1318,2000,PCG,1,9.575260000e-01,9.575260000e-01
1582,2000,GRID_C_R,9,5.635300000e-02,6.261444444e-03
1582,2000,FILL_FUNC,2,1.671360000e-01,8.356800000e-02
1582,2000,RAND,2,5.666500000e-02,2.833250000e-02
1582,2000,AXPBY,128,5.478710000e-01,4.280242188e-03
1582,2000,DOT_PRODUCT,109,3.587680000e-01,3.291449541e-03
1582,2000,APPLY_STENCIL,45,2.075670000e-01,4.612600000e-03
1582,2000,GRID,2,1.634800000e-02,8.174000000e-03
1582,2000,CG,1,4.381890000e-01,4.381890000e-01
1582,2000,GS_PRE_CON,21,6.097940000e-01,2.903780952e-02
1582,2000,PCG,1,1.162968000e+00,1.162968000e+00
1899,2000,GRID_C_R,9,6.573200000e-02,7.303555556e-03
1899,2000,FILL_FUNC,2,2.005000000e-01,1.002500000e-01
1899,2000,RAND,2,6.784500000e-02,3.392250000e-02
1899,2000,AXPBY,128,6.797280000e-01,5.310375000e-03
1899,2000,DOT_PRODUCT,109,4.596280000e-01,4.216770642e-03
1899,2000,APPLY_STENCIL,45,2.212810000e-01,4.917355556e-03
1899,2000,GRID,2,2.442400000e-02,1.221200000e-02
1899,2000,CG,1,5.199050000e-01,5.199050000e-01
1899,2000,GS_PRE_CON,21,7.346690000e-01,3.498423810e-02
1899,2000,PCG,1,1.428740000e+00,1.428740000e+00
2278,2000,GRID_C_R,9,8.485800000e-02,9.428666667e-03
2278,2000,FILL_FUNC,2,2.401150000e-01,1.200575000e-01
2278,2000,RAND,2,8.165000000e-02,4.082500000e-02
2278,2000,AXPBY,128,9.088130000e-01,7.100101562e-03
2278,2000,DOT_PRODUCT,109,6.492230000e-01,5.956174312e-03
2278,2000,APPLY_STENCIL,45,3.162430000e-01,7.027622222e-03
2278,2000,GRID,2,3.393100000e-02,1.696550000e-02
2278,2000,CG,1,7.123870000e-01,7.123870000e-01
2278,2000,GS_PRE_CON,21,8.861990000e-01,4.219995238e-02
2278,2000,PCG,1,1.856100000e+00,1.856100000e+00
2734,2000,GRID_C_R,9,9.588300000e-02,1.065366667e-02
2734,2000,FILL_FUNC,2,2.882340000e-01,1.441170000e-01
2734,2000,RAND,2,9.786500000e-02,4.893250000e-02
2734,2000,AXPBY,128,9.924840000e-01,7.753781250e-03
2734,2000,DOT_PRODUCT,109,7.026210000e-01,6.446064220e-03
2734,2000,APPLY_STENCIL,45,3.259830000e-01,7.244066667e-03
2734,2000,GRID,2,4.091200000e-02,2.045600000e-02
2734,2000,CG,1,7.573210000e-01,7.573210000e-01
2734,2000,GS_PRE_CON,21,1.064041000e+00,5.066861905e-02
2734,2000,PCG,1,2.111046000e+00,2.111046000e+00
3281,2000,GRID_C_R,9,1.102690000e-01,1.225211111e-02
3281,2000,FILL_FUNC,2,3.457270000e-01,1.728635000e-01
3281,2000,RAND,2,1.171810000e-01,5.859050000e-02
3281,2000,AXPBY,128,1.189501000e+00,9.292976562e-03
3281,2000,DOT_PRODUCT,109,8.544550000e-01,7.839036697e-03
3281,2000,APPLY_STENCIL,45,3.839650000e-01,8.532555556e-03
3281,2000,GRID,2,4.362900000e-02,2.181450000e-02
3281,2000,CG,1,9.069220000e-01,9.069220000e-01
3281,2000,GS_PRE_CON,21,1.278415000e+00,6.087690476e-02
3281,2000,PCG,1,2.545078000e+00,2.545078000e+00
3937,2000,GRID_C_R,9,1.427480000e-01,1.586088889e-02
3937,2000,FILL_FUNC,2,4.146850000e-01,2.073425000e-01
3937,2000,RAND,2,1.404990000e-01,7.024950000e-02
3937,2000,AXPBY,128,1.510714000e+00,1.180245313e-02
3937,2000,DOT_PRODUCT,109,1.119040000e+00,1.026642202e-02
3937,2000,APPLY_STENCIL,45,4.870320000e-01,1.082293333e-02
3937,2000,GRID,2,5.402300000e-02,2.701150000e-02
3937,2000,CG,1,1.218023000e+00,1.218023000e+00
3937,2000,GS_PRE_CON,21,1.538357000e+00,7.325509524e-02
3937,2000,PCG,1,3.119778000e+00,3.119778000e+00
4725,2000,GRID_C_R,9,1.653580000e-01,1.837311111e-02
4725,2000,FILL_FUNC,2,5.272390000e-01,2.636195000e-01
4725,2000,RAND,2,1.695600000e-01,8.478000000e-02
4725,2000,AXPBY,128,1.707450000e+00,1.333945313e-02
4725,2000,DOT_PRODUCT,109,1.255284000e+00,1.151636697e-02
4725,2000,APPLY_STENCIL,45,5.511790000e-01,1.224842222e-02
4725,2000,GRID,2,6.298900000e-02,3.149450000e-02
4725,2000,CG,1,1.304503000e+00,1.304503000e+00
4725,2000,GS_PRE_CON,21,1.846629000e+00,8.793471429e-02
4725,2000,PCG,1,3.684557000e+00,3.684557000e+00
5670,2000,GRID_C_R,9,1.723820000e-01,1.915355556e-02
5670,2000,FILL_FUNC,2,5.967120000e-01,2.983560000e-01
5670,2000,RAND,2,2.026040000e-01,1.013020000e-01
5670,2000,AXPBY,128,1.871055000e+00,1.461761719e-02
5670,2000,DOT_PRODUCT,109,1.263650000e+00,1.159311927e-02
5670,2000,APPLY_STENCIL,45,6.397850000e-01,1.421744444e-02
5670,2000,GRID,2,5.987500000e-02,2.993750000e-02
5670,2000,CG,1,1.505528000e+00,1.505528000e+00
5670,2000,GS_PRE_CON,21,2.216257000e+00,1.055360476e-01
5670,2000,PCG,1,4.065866000e+00,4.065866000e+00
6804,2000,GRID_C_R,9,2.412520000e-01,2.680577778e-02
6804,2000,FILL_FUNC,2,7.157010000e-01,3.578505000e-01
6804,2000,RAND,2,2.431550000e-01,1.215775000e-01
6804,2000,AXPBY,128,2.397585000e+00,1.873113281e-02
6804,2000,DOT_PRODUCT,109,1.751533000e+00,1.606911009e-02
6804,2000,APPLY_STENCIL,45,7.445460000e-01,1.654546667e-02
6804,2000,GRID,2,8.534500000e-02,4.267250000e-02
6804,2000,CG,1,1.872089000e+00,1.872089000e+00
6804,2000,GS_PRE_CON,21,2.662737000e+00,1.267970000e-01
6804,2000,PCG,1,5.165993000e+00,5.165993000e+00
8165,2000,GRID_C_R,9,2.881930000e-01,3.202144444e-02
8165,2000,FILL_FUNC,2,8.583590000e-01,4.291795000e-01
8165,2000,RAND,2,2.926120000e-01,1.463060000e-01
8165,2000,AXPBY,128,2.785009000e+00,2.175788281e-02
8165,2000,DOT_PRODUCT,109,2.087591000e+00,1.915221101e-02
8165,2000,APPLY_STENCIL,45,1.056296000e+00,2.347324444e-02
8165,2000,GRID,2,1.037680000e-01,5.188400000e-02
8165,2000,CG,1,2.311609000e+00,2.311609000e+00
8165,2000,GS_PRE_CON,21,3.196913000e+00,1.522339524e-01
8165,2000,PCG,1,6.184418000e+00,6.184418000e+00
9798,2000,GRID_C_R,9,3.450190000e-01,3.833544444e-02
9798,2000,FILL_FUNC,2,1.030026000e+00,5.150130000e-01
9798,2000,RAND,2,3.508460000e-01,1.754230000e-01
9798,2000,AXPBY,128,3.231506000e+00,2.524614062e-02
9798,2000,DOT_PRODUCT,109,2.349779000e+00,2.155760550e-02
9798,2000,APPLY_STENCIL,45,1.085549000e+00,2.412331111e-02
9798,2000,GRID,2,1.196940000e-01,5.984700000e-02
9798,2000,CG,1,2.552880000e+00,2.552880000e+00
9798,2000,GS_PRE_CON,21,3.841149000e+00,1.829118571e-01
9798,2000,PCG,1,7.231087000e+00,7.231087000e+00
11758,2000,GRID_C_R,9,4.127600000e-01,4.586222222e-02
11758,2000,FILL_FUNC,2,1.236172000e+00,6.180860000e-01
11758,2000,RAND,2,4.218630000e-01,2.109315000e-01
11758,2000,AXPBY,128,3.845117000e+00,3.003997656e-02
11758,2000,DOT_PRODUCT,109,2.790910000e+00,2.560467890e-02
11758,2000,APPLY_STENCIL,45,1.347011000e+00,2.993357778e-02
11758,2000,GRID,2,1.424100000e-01,7.120500000e-02
11758,2000,CG,1,3.142219000e+00,3.142219000e+00
11758,2000,GS_PRE_CON,21,4.616679000e+00,2.198418571e-01
11758,2000,PCG,1,8.588691000e+00,8.588691000e+00
14109,2000,GRID_C_R,9,5.008760000e-01,5.565288889e-02
14109,2000,FILL_FUNC,2,1.483205000e+00,7.416025000e-01
14109,2000,RAND,2,5.045090000e-01,2.522545000e-01
14109,2000,AXPBY,128,4.748816000e+00,3.710012500e-02
14109,2000,DOT_PRODUCT,109,3.419480000e+00,3.137137615e-02
14109,2000,APPLY_STENCIL,45,1.667789000e+00,3.706197778e-02
14109,2000,GRID,2,1.791940000e-01,8.959700000e-02
14109,2000,CG,1,3.987866000e+00,3.987866000e+00
14109,2000,GS_PRE_CON,21,5.538948000e+00,2.637594286e-01
14109,2000,PCG,1,1.033314100e+01,1.033314100e+01
16931,2000,GRID_C_R,9,5.975120000e-01,6.639022222e-02
16931,2000,FILL_FUNC,2,1.779742000e+00,8.898710000e-01
16931,2000,RAND,2,6.068740000e-01,3.034370000e-01
16931,2000,AXPBY,128,5.626986000e+00,4.396082813e-02
16931,2000,DOT_PRODUCT,109,4.049499000e+00,3.715136697e-02
16931,2000,APPLY_STENCIL,45,2.029840000e+00,4.510755556e-02
16931,2000,GRID,2,2.116450000e-01,1.058225000e-01
16931,2000,CG,1,4.699414000e+00,4.699414000e+00
16931,2000,GS_PRE_CON,21,6.650382000e+00,3.166848571e-01
16931,2000,PCG,1,1.240586300e+01,1.240586300e+01
2000,9,GRID_C_R,9,9.510000000e-04,1.056666667e-04
2000,9,FILL_FUNC,2,9.650000000e-04,4.825000000e-04
2000,9,RAND,2,3.260000000e-04,1.630000000e-04
2000,9,AXPBY,128,1.876000000e-03,1.465625000e-05
2000,9,DOT_PRODUCT,109,9.260000000e-04,8.495412844e-06
2000,9,APPLY_STENCIL,45,7.130000000e-04,1.584444444e-05
2000,9,GRID,2,2.150000000e-04,1.075000000e-04
2000,9,CG,1,1.556000000e-03,1.556000000e-03
2000,9,GS_PRE_CON,21,3.470000000e-03,1.652380952e-04
2000,9,PCG,1,4.979000000e-03,4.979000000e-03
2000,11,GRID_C_R,9,1.150000000e-03,1.277777778e-04
2000,11,FILL_FUNC,2,1.170000000e-03,5.850000000e-04
2000,11,RAND,2,4.000000000e-04,2.000000000e-04
2000,11,AXPBY,128,2.288000000e-03,1.787500000e-05
2000,11,DOT_PRODUCT,109,1.126000000e-03,1.033027523e-05
2000,11,APPLY_STENCIL,45,8.810000000e-04,1.957777778e-05
2000,11,GRID,2,2.580000000e-04,1.290000000e-04
2000,11,CG,1,1.900000000e-03,1.900000000e-03
2000,11,GS_PRE_CON,21,4.253000000e-03,2.025238095e-04
2000,11,PCG,1,6.078000000e-03,6.078000000e-03
2000,13,GRID_C_R,9,1.323000000e-03,1.470000000e-04
2000,13,FILL_FUNC,2,1.423000000e-03,7.115000000e-04
2000,13,RAND,2,5.040000000e-04,2.520000000e-04
2000,13,AXPBY,128,2.844000000e-03,2.221875000e-05
2000,13,DOT_PRODUCT,109,1.353000000e-03,1.241284404e-05
2000,13,APPLY_STENCIL,45,1.030000000e-03,2.288888889e-05
2000,13,GRID,2,3.010000000e-04,1.505000000e-04
2000,13,CG,1,2.248000000e-03,2.248000000e-03
2000,13,GS_PRE_CON,21,5.025000000e-03,2.392857143e-04
2000,13,PCG,1,7.241000000e-03,7.241000000e-03
2000,16,GRID_C_R,9,1.579000000e-03,1.754444444e-04
2000,16,FILL_FUNC,2,1.700000000e-03,8.500000000e-04
2000,16,RAND,2,5.700000000e-04,2.850000000e-04
2000,16,AXPBY,128,3.361000000e-03,2.625781250e-05
2000,16,DOT_PRODUCT,109,1.661000000e-03,1.523853211e-05
2000,16,APPLY_STENCIL,45,1.322000000e-03,2.937777778e-05
2000,16,GRID,2,3.700000000e-04,1.850000000e-04
2000,16,CG,1,2.753000000e-03,2.753000000e-03
2000,16,GS_PRE_CON,21,6.192000000e-03,2.948571429e-04
2000,16,PCG,1,8.885000000e-03,8.885000000e-03
2000,19,GRID_C_R,9,1.840000000e-03,2.044444444e-04
2000,19,FILL_FUNC,2,2.014000000e-03,1.007000000e-03
2000,19,RAND,2,6.750000000e-04,3.375000000e-04
2000,19,AXPBY,128,4.152000000e-03,3.243750000e-05
2000,19,DOT_PRODUCT,109,1.925000000e-03,1.766055046e-05
2000,19,APPLY_STENCIL,45,1.627000000e-03,3.615555556e-05
2000,19,GRID,2,4.150000000e-04,2.075000000e-04
2000,19,CG,1,3.308000000e-03,3.308000000e-03
2000,19,GS_PRE_CON,21,7.350000000e-03,3.500000000e-04
2000,19,PCG,1,1.067400000e-02,1.067400000e-02
2000,23,GRID_C_R,9,2.147000000e-03,2.385555556e-04
2000,23,FILL_FUNC,2,2.439000000e-03,1.219500000e-03
2000,23,RAND,2,8.530000000e-04,4.265000000e-04
2000,23,AXPBY,128,5.250000000e-03,4.101562500e-05
2000,23,DOT_PRODUCT,109,2.359000000e-03,2.164220183e-05
2000,23,APPLY_STENCIL,45,2.093000000e-03,4.651111111e-05
2000,23,GRID,2,5.220000000e-04,2.610000000e-04
2000,23,CG,1,4.192000000e-03,4.192000000e-03
2000,23,GS_PRE_CON,21,8.901000000e-03,4.238571429e-04
2000,23,PCG,1,1.311800000e-02,1.311800000e-02
2000,28,GRID_C_R,9,2.633000000e-03,2.925555556e-04
2000,28,FILL_FUNC,2,2.993000000e-03,1.496500000e-03
2000,28,RAND,2,1.032000000e-03,5.160000000e-04
2000,28,AXPBY,128,8.140000000e-03,6.359375000e-05
2000,28,DOT_PRODUCT,109,3.441000000e-03,3.156880734e-05
2000,28,APPLY_STENCIL,45,3.016000000e-03,6.702222222e-05
2000,28,GRID,2,6.270000000e-04,3.135000000e-04
2000,28,CG,1,6.081000000e-03,6.081000000e-03
2000,28,GS_PRE_CON,21,1.085100000e-02,5.167142857e-04
2000,28,PCG,1,1.761400000e-02,1.761400000e-02
2000,34,GRID_C_R,9,3.155000000e-03,3.505555556e-04
2000,34,FILL_FUNC,2,3.634000000e-03,1.817000000e-03
2000,34,RAND,2,1.220000000e-03,6.100000000e-04
2000,34,AXPBY,128,8.725000000e-03,6.816406250e-05
2000,34,DOT_PRODUCT,109,3.904000000e-03,3.581651376e-05
2000,34,APPLY_STENCIL,45,3.663000000e-03,8.140000000e-05
2000,34,GRID,2,7.270000000e-04,3.635000000e-04
2000,34,CG,1,6.884000000e-03,6.884000000e-03
2000,34,GS_PRE_CON,21,1.323700000e-02,6.303333333e-04
2000,34,PCG,1,2.061900000e-02,2.061900000e-02
2000,41,GRID_C_R,9,3.703000000e-03,4.114444444e-04
2000,41,FILL_FUNC,2,4.399000000e-03,2.199500000e-03
2000,41,RAND,2,1.501000000e-03,7.505000000e-04
2000,41,AXPBY,128,1.082600000e-02,8.457812500e-05
2000,41,DOT_PRODUCT,109,5.137000000e-03,4.712844037e-05
2000,41,APPLY_STENCIL,45,4.401000000e-03,9.780000000e-05
2000,41,GRID,2,8.630000000e-04,4.315000000e-04
2000,41,CG,1,8.668000000e-03,8.668000000e-03
2000,41,GS_PRE_CON,21,1.590400000e-02,7.573333333e-04
2000,41,PCG,1,2.499700000e-02,2.499700000e-02
2000,49,GRID_C_R,9,4.396000000e-03,4.884444444e-04
2000,49,FILL_FUNC,2,5.257000000e-03,2.628500000e-03
2000,49,RAND,2,1.786000000e-03,8.930000000e-04
2000,49,AXPBY,128,1.389200000e-02,1.085312500e-04
2000,49,DOT_PRODUCT,109,6.983000000e-03,6.406422018e-05
2000,49,APPLY_STENCIL,45,5.683000000e-03,1.262888889e-04
2000,49,GRID,2,1.002000000e-03,5.010000000e-04
2000,49,CG,1,1.138500000e-02,1.138500000e-02
2000,49,GS_PRE_CON,21,1.900000000e-02,9.047619048e-04
2000,49,PCG,1,3.109900000e-02,3.109900000e-02
2000,59,GRID_C_R,9,5.141000000e-03,5.712222222e-04
2000,59,FILL_FUNC,2,6.273000000e-03,3.136500000e-03
2000,59,RAND,2,2.125000000e-03,1.062500000e-03
2000,59,AXPBY,128,2.131100000e-02,1.664921875e-04
2000,59,DOT_PRODUCT,109,1.146400000e-02,1.051743119e-04
2000,59,APPLY_STENCIL,45,7.730000000e-03,1.717777778e-04
2000,59,GRID,2,1.237000000e-03,6.185000000e-04
2000,59,CG,1,1.822200000e-02,1.822200000e-02
2000,59,GS_PRE_CON,21,2.281100000e-02,1.086238095e-03
2000,59,PCG,1,4.086900000e-02,4.086900000e-02
2000,71,GRID_C_R,9,6.246000000e-03,6.940000000e-04
2000,71,FILL_FUNC,2,7.580000000e-03,3.790000000e-03
2000,71,RAND,2,2.573000000e-03,1.286500000e-03
2000,71,AXPBY,128,2.006100000e-02,1.567265625e-04
2000,71,DOT_PRODUCT,109,1.174200000e-02,1.077247706e-04
2000,71,APPLY_STENCIL,45,8.454000000e-03,1.878666667e-04
2000,71,GRID,2,1.462000000e-03,7.310000000e-04
2000,71,CG,1,1.796400000e-02,1.796400000e-02
2000,71,GS_PRE_CON,21,2.742000000e-02,1.305714286e-03
2000,71,PCG,1,4.524600000e-02,4.524600000e-02
2000,85,GRID_C_R,9,7.357000000e-03,8.174444444e-04
2000,85,FILL_FUNC,2,9.050000000e-03,4.525000000e-03
2000,85,RAND,2,3.065000000e-03,1.532500000e-03
2000,85,AXPBY,128,2.321900000e-02,1.813984375e-04
2000,85,DOT_PRODUCT,109,1.388200000e-02,1.273577982e-04
2000,85,APPLY_STENCIL,45,9.864000000e-03,2.192000000e-04
2000,85,GRID,2,1.729000000e-03,8.645000000e-04
2000,85,CG,1,2.171300000e-02,2.171300000e-02
2000,85,GS_PRE_CON,21,3.283300000e-02,1.563476190e-03
2000,85,PCG,1,5.269100000e-02,5.269100000e-02
2000,102,GRID_C_R,9,8.677000000e-03,9.641111111e-04
2000,102,FILL_FUNC,2,1.107700000e-02,5.538500000e-03
2000,102,RAND,2,3.721000000e-03,1.860500000e-03
2000,102,AXPBY,128,2.771700000e-02,2.165390625e-04
2000,102,DOT_PRODUCT,109,1.712400000e-02,1.571009174e-04
2000,102,APPLY_STENCIL,45,1.176700000e-02,2.614888889e-04
2000,102,GRID,2,2.079000000e-03,1.039500000e-03
2000,102,CG,1,2.601800000e-02,2.601800000e-02
2000,102,GS_PRE_CON,21,3.941800000e-02,1.877047619e-03
2000,102,PCG,1,6.359700000e-02,6.359700000e-02
2000,123,GRID_C_R,9,1.049000000e-02,1.165555556e-03
2000,123,FILL_FUNC,2,1.302400000e-02,6.512000000e-03
2000,123,RAND,2,4.409000000e-03,2.204500000e-03
2000,123,AXPBY,128,3.460700000e-02,2.703671875e-04
2000,123,DOT_PRODUCT,109,2.265600000e-02,2.078532110e-04
2000,123,APPLY_STENCIL,45,1.470100000e-02,3.266888889e-04
2000,123,GRID,2,2.500000000e-03,1.250000000e-03
2000,123,CG,1,3.163700000e-02,3.163700000e-02
2000,123,GS_PRE_CON,21,4.747900000e-02,2.260904762e-03
2000,123,PCG,1,7.989300000e-02,7.989300000e-02
2000,147,GRID_C_R,9,1.165800000e-02,1.295333333e-03
2000,147,FILL_FUNC,2,1.564500000e-02,7.822500000e-03
2000,147,RAND,2,5.322000000e-03,2.661000000e-03
2000,147,AXPBY,128,3.946400000e-02,3.083125000e-04
2000,147,DOT_PRODUCT,109,2.556800000e-02,2.345688073e-04
2000,147,APPLY_STENCIL,45,1.700200000e-02,3.778222222e-04
2000,147,GRID,2,2.902000000e-03,1.451000000e-03
2000,147,CG,1,3.656400000e-02,3.656400000e-02
2000,147,GS_PRE_CON,21,5.687300000e-02,2.708238095e-03
2000,147,PCG,1,9.302500000e-02,9.302500000e-02
2000,177,GRID_C_R,9,1.384700000e-02,1.538555556e-03
2000,177,FILL_FUNC,2,1.988000000e-02,9.940000000e-03
2000,177,RAND,2,6.291000000e-03,3.145500000e-03
2000,177,AXPBY,128,4.757100000e-02,3.716484375e-04
2000,177,DOT_PRODUCT,109,2.839100000e-02,2.604678899e-04
2000,177,APPLY_STENCIL,45,1.871400000e-02,4.158666667e-04
2000,177,GRID,2,2.846000000e-03,1.423000000e-03
2000,177,CG,1,4.273700000e-02,4.273700000e-02
2000,177,GS_PRE_CON,21,6.840800000e-02,3.257523810e-03
2000,177,PCG,1,1.090240000e-01,1.090240000e-01
2000,212,GRID_C_R,9,1.446500000e-02,1.607222222e-03
2000,212,FILL_FUNC,2,2.243000000e-02,1.121500000e-02
2000,212,RAND,2,7.649000000e-03,3.824500000e-03
2000,212,AXPBY,128,5.608300000e-02,4.381484375e-04
2000,212,DOT_PRODUCT,109,3.361000000e-02,3.083486239e-04
2000,212,APPLY_STENCIL,45,2.425300000e-02,5.389555556e-04
2000,212,GRID,2,2.915000000e-03,1.457500000e-03
2000,212,CG,1,5.054900000e-02,5.054900000e-02
2000,212,GS_PRE_CON,21,8.183100000e-02,3.896714286e-03
2000,212,PCG,1,1.313750000e-01,1.313750000e-01
2000,255,GRID_C_R,9,1.504900000e-02,1.672111111e-03
2000,255,FILL_FUNC,2,2.694800000e-02,1.347400000e-02
2000,255,RAND,2,9.137000000e-03,4.568500000e-03
2000,255,AXPBY,128,6.800000000e-02,5.312500000e-04
2000,255,DOT_PRODUCT,109,3.937600000e-02,3.612477064e-04
2000,255,APPLY_STENCIL,45,2.684400000e-02,5.965333333e-04
2000,255,GRID,2,3.687000000e-03,1.843500000e-03
2000,255,CG,1,6.046000000e-02,6.046000000e-02
2000,255,GS_PRE_CON,21,9.830600000e-02,4.681238095e-03
2000,255,PCG,1,1.549060000e-01,1.549060000e-01
2000,306,GRID_C_R,9,1.640600000e-02,1.822888889e-03
2000,306,FILL_FUNC,2,3.233800000e-02,1.616900000e-02
2000,306,RAND,2,1.090800000e-02,5.454000000e-03
2000,306,AXPBY,128,8.265800000e-02,6.457656250e-04
2000,306,DOT_PRODUCT,109,4.701300000e-02,4.313119266e-04
2000,306,APPLY_STENCIL,45,3.441600000e-02,7.648000000e-04
2000,306,GRID,2,4.053000000e-03,2.026500000e-03
2000,306,CG,1,7.145600000e-02,7.145600000e-02
2000,306,GS_PRE_CON,21,1.180250000e-01,5.620238095e-03
2000,306,PCG,1,1.897640000e-01,1.897640000e-01
2000,368,GRID_C_R,9,1.860000000e-02,2.066666667e-03
2000,368,FILL_FUNC,2,3.940200000e-02,1.970100000e-02
2000,368,RAND,2,1.320800000e-02,6.604000000e-03
2000,368,AXPBY,128,1.031460000e-01,8.058281250e-04
2000,368,DOT_PRODUCT,109,5.603600000e-02,5.140917431e-04
2000,368,APPLY_STENCIL,45,4.316300000e-02,9.591777778e-04
2000,368,GRID,2,4.492000000e-03,2.246000000e-03
2000,368,CG,1,8.870400000e-02,8.870400000e-02
2000,368,GS_PRE_CON,21,1.418950000e-01,6.756904762e-03
2000,368,PCG,1,2.299380000e-01,2.299380000e-01
2000,441,GRID_C_R,9,2.087600000e-02,2.319555556e-03
2000,441,FILL_FUNC,2,4.666900000e-02,2.333450000e-02
2000,441,RAND,2,1.587500000e-02,7.937500000e-03
2000,441,AXPBY,128,1.245970000e-01,9.734140625e-04
2000,441,DOT_PRODUCT,109,6.612600000e-02,6.066605505e-04
2000,441,APPLY_STENCIL,45,4.884500000e-02,1.085444444e-03
2000,441,GRID,2,4.979000000e-03,2.489500000e-03
2000,441,CG,1,1.057720000e-01,1.057720000e-01
2000,441,GS_PRE_CON,21,1.701480000e-01,8.102285714e-03
2000,441,PCG,1,2.731290000e-01,2.731290000e-01
2000,529,GRID_C_R,9,2.263900000e-02,2.515444444e-03
2000,529,FILL_FUNC,2,5.612000000e-02,2.806000000e-02
2000,529,RAND,2,1.906000000e-02,9.530000000e-03
2000,529,AXPBY,128,1.642940000e-01,1.283546875e-03
2000,529,DOT_PRODUCT,109,8.934400000e-02,8.196697248e-04
2000,529,APPLY_STENCIL,45,6.022500000e-02,1.338333333e-03
2000,529,GRID,2,6.181000000e-03,3.090500000e-03
2000,529,CG,1,1.298580000e-01,1.298580000e-01
2000,529,GS_PRE_CON,21,2.042880000e-01,9.728000000e-03
2000,529,PCG,1,3.506520000e-01,3.506520000e-01
2000,635,GRID_C_R,9,2.725600000e-02,3.028444444e-03
2000,635,FILL_FUNC,2,6.719400000e-02,3.359700000e-02
2000,635,RAND,2,2.275400000e-02,1.137700000e-02
2000,635,AXPBY,128,2.147700000e-01,1.677890625e-03
2000,635,DOT_PRODUCT,109,1.198600000e-01,1.099633028e-03
2000,635,APPLY_STENCIL,45,7.722500000e-02,1.716111111e-03
2000,635,GRID,2,7.141000000e-03,3.570500000e-03
2000,635,CG,1,1.710750000e-01,1.710750000e-01
2000,635,GS_PRE_CON,21,2.452330000e-01,1.167776190e-02
2000,635,PCG,1,4.392480000e-01,4.392480000e-01
2000,763,GRID_C_R,9,3.098000000e-02,3.442222222e-03
2000,763,FILL_FUNC,2,8.079800000e-02,4.039900000e-02
2000,763,RAND,2,2.737300000e-02,1.368650000e-02
2000,763,AXPBY,128,2.450170000e-01,1.914195312e-03
2000,763,DOT_PRODUCT,109,1.406780000e-01,1.290623853e-03
2000,763,APPLY_STENCIL,45,9.024700000e-02,2.005488889e-03
2000,763,GRID,2,7.609000000e-03,3.804500000e-03
2000,763,CG,1,1.941770000e-01,1.941770000e-01
2000,763,GS_PRE_CON,21,2.948430000e-01,1.404014286e-02
2000,763,PCG,1,5.196000000e-01,5.196000000e-01
2000,915,GRID_C_R,9,3.536700000e-02,3.929666667e-03
2000,915,FILL_FUNC,2,9.671700000e-02,4.835850000e-02
2000,915,RAND,2,3.288800000e-02,1.644400000e-02
2000,915,AXPBY,128,3.007970000e-01,2.349976563e-03
2000,915,DOT_PRODUCT,109,1.763200000e-01,1.617614679e-03
2000,915,APPLY_STENCIL,45,1.093930000e-01,2.430955556e-03
2000,915,GRID,2,9.515000000e-03,4.757500000e-03
2000,915,CG,1,2.438800000e-01,2.438800000e-01
2000,915,GS_PRE_CON,21,3.536200000e-01,1.683904762e-02
2000,915,PCG,1,6.298860000e-01,6.298860000e-01
2000,1098,GRID_C_R,9,4.233600000e-02,4.704000000e-03
2000,1098,FILL_FUNC,2,1.159810000e-01,5.799050000e-02
2000,1098,RAND,2,3.935100000e-02,1.967550000e-02
2000,1098,AXPBY,128,3.671040000e-01,2.868000000e-03
2000,1098,DOT_PRODUCT,109,2.254330000e-01,2.068192661e-03
2000,1098,APPLY_STENCIL,45,1.313220000e-01,2.918266667e-03
2000,1098,GRID,2,1.141100000e-02,5.705500000e-03
2000,1098,CG,1,2.905010000e-01,2.905010000e-01
2000,1098,GS_PRE_CON,21,4.245480000e-01,2.021657143e-02
2000,1098,PCG,1,7.766090000e-01,7.766090000e-01
2000,1318,GRID_C_R,9,4.752500000e-02,5.280555556e-03
2000,1318,FILL_FUNC,2,1.400520000e-01,7.002600000e-02
2000,1318,RAND,2,4.735400000e-02,2.367700000e-02
2000,1318,AXPBY,128,4.607880000e-01,3.599906250e-03
2000,1318,DOT_PRODUCT,109,2.896790000e-01,2.657605505e-03
2000,1318,APPLY_STENCIL,45,1.644980000e-01,3.655511111e-03
2000,1318,GRID,2,1.395700000e-02,6.978500000e-03
2000,1318,CG,1,3.627350000e-01,3.627350000e-01
2000,1318,GS_PRE_CON,21,5.098920000e-01,2.428057143e-02
2000,1318,PCG,1,9.621020000e-01,9.621020000e-01
2000,1582,GRID_C_R,9,5.621100000e-02,6.245666667e-03
2000,1582,FILL_FUNC,2,1.669600000e-01,8.348000000e-02
2000,1582,RAND,2,5.651000000e-02,2.825500000e-02
2000,1582,AXPBY,128,5.527860000e-01,4.318640625e-03
2000,1582,DOT_PRODUCT,109,3.683820000e-01,3.379651376e-03
2000,1582,APPLY_STENCIL,45,2.016550000e-01,4.481222222e-03
2000,1582,GRID,2,1.689000000e-02,8.445000000e-03
2000,1582,CG,1,4.288970000e-01,4.288970000e-01
2000,1582,GS_PRE_CON,21,6.135230000e-01,2.921538095e-02
2000,1582,PCG,1,1.185328000e+00,1.185328000e+00
2000,1899,GRID_C_R,9,6.731600000e-02,7.479555556e-03
2000,1899,FILL_FUNC,2,2.003820000e-01,1.001910000e-01
2000,1899,RAND,2,6.791700000e-02,3.395850000e-02
2000,1899,AXPBY,128,7.150910000e-01,5.586648438e-03
2000,1899,DOT_PRODUCT,109,4.917010000e-01,4.511018349e-03
2000,1899,APPLY_STENCIL,45,2.508200000e-01,5.573777778e-03
2000,1899,GRID,2,2.681400000e-02,1.340700000e-02
2000,1899,CG,1,5.406490000e-01,5.406490000e-01
2000,1899,GS_PRE_CON,21,7.362490000e-01,3.505947619e-02
2000,1899,PCG,1,1.500697000e+00,1.500697000e+00
2000,2278,GRID_C_R,9,7.865600000e-02,8.739555556e-03
2000,2278,FILL_FUNC,2,2.400190000e-01,1.200095000e-01
2000,2278,RAND,2,8.150800000e-02,4.075400000e-02
2000,2278,AXPBY,128,8.210220000e-01,6.414234375e-03
2000,2278,DOT_PRODUCT,109,5.676310000e-01,5.207623853e-03
2000,2278,APPLY_STENCIL,45,2.881720000e-01,6.403822222e-03
2000,2278,GRID,2,2.973200000e-02,1.486600000e-02
2000,2278,CG,1,6.394050000e-01,6.394050000e-01
2000,2278,GS_PRE_CON,21,8.826010000e-01,4.202861905e-02
2000,2278,PCG,1,1.742178000e+00,1.742178000e+00
2000,2734,GRID_C_R,9,1.207440000e-01,1.341600000e-02
2000,2734,FILL_FUNC,2,3.659880000e-01,1.829940000e-01
2000,2734,RAND,2,9.793300000e-02,4.896650000e-02
2000,2734,AXPBY,128,1.088073000e+00,8.500570313e-03
2000,2734,DOT_PRODUCT,109,7.865040000e-01,7.215633028e-03
2000,2734,APPLY_STENCIL,45,3.738920000e-01,8.308711111e-03
2000,2734,GRID,2,4.071900000e-02,2.035950000e-02
2000,2734,CG,1,8.696340000e-01,8.696340000e-01
2000,2734,GS_PRE_CON,21,1.060655000e+00,5.050738095e-02
2000,2734,PCG,1,2.206870000e+00,2.206870000e+00
2000,3281,GRID_C_R,9,1.129330000e-01,1.254811111e-02
2000,3281,FILL_FUNC,2,3.454370000e-01,1.727185000e-01
2000,3281,RAND,2,1.174660000e-01,5.873300000e-02
2000,3281,AXPBY,128,1.193393000e+00,9.323382813e-03
2000,3281,DOT_PRODUCT,109,8.561870000e-01,7.854926606e-03
2000,3281,APPLY_STENCIL,45,4.159660000e-01,9.243688889e-03
2000,3281,GRID,2,4.615600000e-02,2.307800000e-02
2000,3281,CG,1,9.360640000e-01,9.360640000e-01
2000,3281,GS_PRE_CON,21,1.271844000e+00,6.056400000e-02
2000,3281,PCG,1,2.538703000e+00,2.538703000e+00
2000,3937,GRID_C_R,9,1.420290000e-01,1.578100000e-02
2000,3937,FILL_FUNC,2,4.149850000e-01,2.074925000e-01
2000,3937,RAND,2,1.408770000e-01,7.043850000e-02
2000,3937,AXPBY,128,1.447970000e+00,1.131226563e-02
2000,3937,DOT_PRODUCT,109,1.067466000e+00,9.793266055e-03
2000,3937,APPLY_STENCIL,45,5.080430000e-01,1.128984444e-02
2000,3937,GRID,2,5.206200000e-02,2.603100000e-02
2000,3937,CG,1,1.126700000e+00,1.126700000e+00
2000,3937,GS_PRE_CON,21,1.525994000e+00,7.266638095e-02
2000,3937,PCG,1,3.105663000e+00,3.105663000e+00
2000,4725,GRID_C_R,9,1.701120000e-01,1.890133333e-02
2000,4725,FILL_FUNC,2,4.971620000e-01,2.485810000e-01
2000,4725,RAND,2,1.691440000e-01,8.457200000e-02
2000,4725,AXPBY,128,1.704364000e+00,1.331534375e-02
2000,4725,DOT_PRODUCT,109,1.272283000e+00,1.167232110e-02
2000,4725,APPLY_STENCIL,45,6.003610000e-01,1.334135556e-02
2000,4725,GRID,2,6.316600000e-02,3.158300000e-02
2000,4725,CG,1,1.337492000e+00,1.337492000e+00
2000,4725,GS_PRE_CON,21,1.831996000e+00,8.723790476e-02
2000,4725,PCG,1,3.694114000e+00,3.694114000e+00
2000,5670,GRID_C_R,9,2.029600000e-01,2.255111111e-02
2000,5670,FILL_FUNC,2,5.966750000e-01,2.983375000e-01
2000,5670,RAND,2,2.025810000e-01,1.012905000e-01
2000,5670,AXPBY,128,2.014092000e+00,1.573509375e-02
2000,5670,DOT_PRODUCT,109,1.500714000e+00,1.376801835e-02
2000,5670,APPLY_STENCIL,45,7.086230000e-01,1.574717778e-02
2000,5670,GRID,2,7.099600000e-02,3.549800000e-02
2000,5670,CG,1,1.610488000e+00,1.610488000e+00
2000,5670,GS_PRE_CON,21,2.198556000e+00,1.046931429e-01
2000,5670,PCG,1,4.365079000e+00,4.365079000e+00
2000,6804,GRID_C_R,9,2.422700000e-01,2.691888889e-02
2000,6804,FILL_FUNC,2,7.153380000e-01,3.576690000e-01
2000,6804,RAND,2,2.433060000e-01,1.216530000e-01
2000,6804,AXPBY,128,2.418325000e+00,1.889316406e-02
2000,6804,DOT_PRODUCT,109,1.783884000e+00,1.636590826e-02
2000,6804,APPLY_STENCIL,45,8.436480000e-01,1.874773333e-02
2000,6804,GRID,2,8.700300000e-02,4.350150000e-02
2000,6804,CG,1,1.951981000e+00,1.951981000e+00
2000,6804,GS_PRE_CON,21,2.638472000e+00,1.256415238e-01
2000,6804,PCG,1,5.203434000e+00,5.203434000e+00
2000,8165,GRID_C_R,9,2.905580000e-01,3.228422222e-02
2000,8165,FILL_FUNC,2,8.584510000e-01,4.292255000e-01
2000,8165,RAND,2,2.916030000e-01,1.458015000e-01
2000,8165,AXPBY,128,2.807013000e+00,2.192978906e-02
2000,8165,DOT_PRODUCT,109,2.104191000e+00,1.930450459e-02
2000,8165,APPLY_STENCIL,45,1.003110000e+00,2.229133333e-02
2000,8165,GRID,2,1.066420000e-01,5.332100000e-02
2000,8165,CG,1,2.307500000e+00,2.307500000e+00
2000,8165,GS_PRE_CON,21,3.165477000e+00,1.507370000e-01
2000,8165,PCG,1,6.143744000e+00,6.143744000e+00
2000,9798,GRID_C_R,9,3.463830000e-01,3.848700000e-02
2000,9798,FILL_FUNC,2,1.030633000e+00,5.153165000e-01
2000,9798,RAND,2,3.505630000e-01,1.752815000e-01
2000,9798,AXPBY,128,3.313408000e+00,2.588600000e-02
2000,9798,DOT_PRODUCT,109,2.435841000e+00,2.234716514e-02
2000,9798,APPLY_STENCIL,45,1.188124000e+00,2.640275556e-02
2000,9798,GRID,2,1.209870000e-01,6.049350000e-02
2000,9798,CG,1,2.730617000e+00,2.730617000e+00
2000,9798,GS_PRE_CON,21,3.799435000e+00,1.809254762e-01
2000,9798,PCG,1,7.264506000e+00,7.264506000e+00
2000,11758,GRID_C_R,9,4.203400000e-01,4.670444444e-02
2000,11758,FILL_FUNC,2,1.237836000e+00,6.189180000e-01
2000,11758,RAND,2,4.215680000e-01,2.107840000e-01
2000,11758,AXPBY,128,4.178912000e+00,3.264775000e-02
2000,11758,DOT_PRODUCT,109,3.035733000e+00,2.785076147e-02
2000,11758,APPLY_STENCIL,45,1.463383000e+00,3.251962222e-02
2000,11758,GRID,2,1.575340000e-01,7.876700000e-02
2000,11758,CG,1,3.538976000e+00,3.538976000e+00
2000,11758,GS_PRE_CON,21,4.572466000e+00,2.177364762e-01
2000,11758,PCG,1,8.807760000e+00,8.807760000e+00
2000,14109,GRID_C_R,9,4.192340000e-01,4.658155556e-02
2000,14109,FILL_FUNC,2,1.480310000e+00,7.401550000e-01
2000,14109,RAND,2,5.047600000e-01,2.523800000e-01
2000,14109,AXPBY,128,4.603342000e+00,3.596360937e-02
2000,14109,DOT_PRODUCT,109,3.285842000e+00,3.014533945e-02
2000,14109,APPLY_STENCIL,45,1.625782000e+00,3.612848889e-02
2000,14109,GRID,2,1.317680000e-01,6.588400000e-02
2000,14109,CG,1,3.802262000e+00,3.802262000e+00
2000,14109,GS_PRE_CON,21,5.469967000e+00,2.604746190e-01
2000,14109,PCG,1,1.017553600e+01,1.017553600e+01
2000,16931,GRID_C_R,9,5.865390000e-01,6.517100000e-02
2000,16931,FILL_FUNC,2,1.779916000e+00,8.899580000e-01
2000,16931,RAND,2,6.049790000e-01,3.024895000e-01
2000,16931,AXPBY,128,5.662236000e+00,4.423621875e-02
2000,16931,DOT_PRODUCT,109,4.039425000e+00,3.705894495e-02
2000,16931,APPLY_STENCIL,45,1.999500000e+00,4.443333333e-02
2000,16931,GRID,2,1.980850000e-01,9.904250000e-02
2000,16931,CG,1,4.735466000e+00,4.735466000e+00
2000,16931,GS_PRE_CON,21,6.567915000e+00,3.127578571e-01
2000,16931,PCG,1,1.229248000e+01,1.229248000e+01
